Program_ID,Program_Type,Date,Attendance,Participant_Age_Group,Satisfaction_Rating,Program_Cost,Location,Grant_Funded,Economic_Impact,ROI
P0427,Theatre Event,7/2/2024,192,Adult,3.9,2950,Starlight Theatre,Yes,4573,55.02%
P0922,Theatre Event,7/2/2024,193,Adult,3.8,2146,Starlight Theatre,No,7450,247.16%
P0902,Library Workshop,7/2/2024,64,Adult,4.5,1836,Elmwood Library,No,2917,58.88%
P0484,Youth Activity,7/3/2024,42,Youth,4.1,877,Willow Park Community Center,Yes,1692,92.93%
P0169,Library Workshop,7/3/2024,62,Youth,4.7,1246,Elmwood Library,No,2082,67.09%
P0516,Library Workshop,7/3/2024,81,Youth,4.3,1396,Hazel Branch Library,No,3353,140.19%
P0887,Youth Activity,7/4/2024,88,Youth,5.0,553,Oakleaf Community Center,No,1923,247.74%
P0284,Library Workshop,7/4/2024,122,Adult,3.7,1242,Elmwood Library,Yes,3125,151.61%
P0800,Civic Light Opera,7/5/2024,115,Adult,4.0,3717,Maplewood Performing Arts Center,Yes,8789,136.45%
P0265,Senior Service,7/5/2024,36,Senior,5.0,655,Silver Elm Senior Center,No,1039,58.63%
P0753,Youth Activity,7/5/2024,68,Youth,4.1,629,Willow Park Community Center,Yes,1243,97.62%
P0744,Theatre Event,7/5/2024,177,Adult,4.5,2942,Starlight Theatre,Yes,7097,141.23%
P0514,Senior Service,7/7/2024,16,Senior,4.8,426,Silver Elm Senior Center,No,1596,274.65%
P0747,Theatre Event,7/7/2024,96,Adult,2.9,3465,Starlight Theatre,No,7180,107.22%
P0074,Senior Service,7/7/2024,23,Senior,5.0,647,Silver Elm Senior Center,No,1270,96.29%
P0050,Library Workshop,7/8/2024,86,Youth,5.0,1671,Hazel Branch Library,Yes,2494,49.25%
P0814,Civic Light Opera,7/8/2024,131,Senior,3.7,3836,Maplewood Performing Arts Center,Yes,5809,51.43%
P0203,Library Workshop,7/9/2024,53,Youth,4.0,1383,Elmwood Library,No,3422,147.43%
P0202,Library Workshop,7/9/2024,69,Youth,5.0,1570,Hazel Branch Library,Yes,2145,36.62%
P0048,Theatre Event,7/9/2024,121,Adult,5.0,2086,Maplewood Performing Arts Center,No,6518,212.46%
P0577,Library Workshop,7/9/2024,135,Youth,4.2,1529,Hazel Branch Library,No,3968,159.52%
P0971,Youth Activity,7/9/2024,93,Youth,4.8,885,Oakleaf Community Center,No,1256,41.92%
P0697,Library Workshop,7/10/2024,100,Youth,3.8,1652,Elmwood Library,No,3417,106.84%
P0970,Theatre Event,7/10/2024,184,Adult,4.0,3506,Starlight Theatre,No,4520,28.92%
P0503,Theatre Event,7/10/2024,104,Adult,4.5,2529,Starlight Theatre,No,6276,148.16%
P0160,Youth Activity,7/11/2024,51,Youth,4.5,820,Willow Park Community Center,No,1041,26.95%
P0436,Youth Activity,7/11/2024,96,Youth,4.4,686,Willow Park Community Center,No,1939,182.65%
P0248,Civic Light Opera,7/12/2024,132,Senior,4.6,3686,Maplewood Performing Arts Center,No,6907,87.38%
P0301,Library Workshop,7/12/2024,100,Youth,5.0,1245,Hazel Branch Library,No,2421,94.46%
P0340,Library Workshop,7/12/2024,143,Youth,4.5,1708,Elmwood Library,No,3141,83.90%
P0455,Library Workshop,7/12/2024,74,Adult,3.9,1428,Elmwood Library,No,2365,65.62%
P0234,Theatre Event,7/12/2024,91,Adult,4.3,2140,Maplewood Performing Arts Center,No,4016,87.66%
P0904,Youth Activity,7/13/2024,99,Youth,4.3,880,Oakleaf Community Center,No,1818,106.59%
P0020,Library Workshop,7/13/2024,70,Youth,3.7,1789,Hazel Branch Library,No,2413,34.88%
P0289,Library Workshop,7/13/2024,100,Youth,3.4,1665,Elmwood Library,No,3546,112.97%
P0403,Theatre Event,7/14/2024,126,Adult,3.8,3279,Starlight Theatre,No,4752,44.92%
P0781,Youth Activity,7/14/2024,58,Youth,4.3,526,Oakleaf Community Center,Yes,1190,126.24%
P0651,Library Workshop,7/14/2024,105,Youth,3.9,1438,Elmwood Library,Yes,3849,167.66%
P0031,Youth Activity,7/14/2024,52,Youth,4.2,857,Willow Park Community Center,Yes,1887,120.19%
P0014,Library Workshop,7/15/2024,73,Adult,3.5,1021,Elmwood Library,Yes,3462,239.08%
P0274,Civic Light Opera,7/15/2024,111,Senior,4.1,3750,Maplewood Performing Arts Center,No,7338,95.68%
P0350,Youth Activity,7/15/2024,45,Youth,5.0,650,Oakleaf Community Center,Yes,1342,106.46%
P0417,Library Workshop,7/15/2024,108,Adult,3.9,1227,Hazel Branch Library,No,2317,88.83%
P0549,Theatre Event,7/16/2024,163,Adult,3.7,3030,Starlight Theatre,No,5140,69.64%
P0827,Theatre Event,7/16/2024,88,Adult,4.4,3543,Maplewood Performing Arts Center,No,6738,90.18%
P0423,Library Workshop,7/16/2024,67,Adult,3.8,1192,Hazel Branch Library,No,3840,222.15%
P0795,Library Workshop,7/16/2024,101,Adult,3.6,1112,Hazel Branch Library,No,2404,116.19%
P0867,Library Workshop,7/16/2024,93,Adult,4.7,1056,Hazel Branch Library,No,2447,131.72%
P0073,Library Workshop,7/16/2024,109,Adult,4.8,1858,Elmwood Library,Yes,2897,55.92%
P0195,Theatre Event,7/17/2024,160,Adult,3.5,3808,Starlight Theatre,Yes,6649,74.61%
P0466,Theatre Event,7/18/2024,98,Adult,2.1,2272,Starlight Theatre,Yes,6635,192.03%
P0303,Theatre Event,7/19/2024,101,Adult,3.6,2329,Starlight Theatre,No,4390,88.49%
P0414,Youth Activity,7/21/2024,94,Youth,4.0,656,Oakleaf Community Center,Yes,1877,186.13%
P0999,Civic Light Opera,7/21/2024,103,Adult,4.0,4796,Maplewood Performing Arts Center,Yes,6603,37.68%
P0622,Library Workshop,7/22/2024,113,Adult,4.0,1776,Elmwood Library,No,3211,80.80%
P0521,Youth Activity,7/22/2024,68,Youth,3.8,996,Willow Park Community Center,No,1935,94.28%
P0717,Senior Service,7/22/2024,34,Senior,4.5,797,Silver Elm Senior Center,No,1136,42.53%
P0320,Library Workshop,7/22/2024,131,Youth,4.2,1097,Hazel Branch Library,No,2021,84.23%
P0941,Library Workshop,7/22/2024,133,Adult,5.0,1515,Hazel Branch Library,Yes,2076,37.03%
P0101,Library Workshop,7/22/2024,104,Adult,4.7,1207,Elmwood Library,No,3148,160.81%
P0715,Theatre Event,7/22/2024,90,Adult,4.2,2870,Maplewood Performing Arts Center,Yes,7129,148.40%
P0712,Youth Activity,7/23/2024,61,Youth,4.6,714,Willow Park Community Center,No,1392,94.96%
P0726,Senior Service,7/23/2024,27,Senior,4.5,487,Silver Elm Senior Center,No,1106,127.10%
P0039,Youth Activity,7/24/2024,43,Youth,4.1,502,Oakleaf Community Center,Yes,1753,249.20%
P0930,Library Workshop,7/24/2024,115,Youth,4.8,1949,Hazel Branch Library,No,3179,63.11%
P0259,Youth Activity,7/24/2024,79,Youth,4.9,675,Oakleaf Community Center,No,1059,56.89%
P0188,Youth Activity,7/25/2024,79,Youth,4.3,687,Willow Park Community Center,No,1778,158.81%
P0607,Library Workshop,7/25/2024,101,Youth,3.9,1785,Hazel Branch Library,Yes,2372,32.89%
P0191,Library Workshop,7/25/2024,122,Youth,3.9,1673,Elmwood Library,Yes,3587,114.41%
P0789,Theatre Event,7/25/2024,119,Adult,3.3,2136,Starlight Theatre,No,7490,250.66%
P0696,Youth Activity,7/25/2024,78,Youth,4.3,639,Willow Park Community Center,No,1277,99.84%
P0799,Youth Activity,7/26/2024,50,Youth,4.1,676,Willow Park Community Center,No,1445,113.76%
P0998,Library Workshop,7/26/2024,92,Adult,4.1,1786,Hazel Branch Library,No,2121,18.76%
P0605,Library Workshop,7/26/2024,72,Youth,4.5,1213,Hazel Branch Library,Yes,3358,176.83%
P0798,Youth Activity,7/27/2024,49,Youth,4.7,956,Willow Park Community Center,No,1194,24.90%
P0392,Theatre Event,7/27/2024,80,Adult,3.5,2668,Maplewood Performing Arts Center,Yes,5335,99.96%
P0494,Library Workshop,7/27/2024,149,Youth,3.5,1211,Elmwood Library,No,2803,131.46%
P0266,Youth Activity,7/27/2024,64,Youth,4.5,595,Willow Park Community Center,No,1163,95.46%
P0339,Theatre Event,7/27/2024,147,Adult,3.9,3999,Maplewood Performing Arts Center,Yes,7558,89.00%
P0136,Theatre Event,7/28/2024,155,Adult,3.1,2935,Maplewood Performing Arts Center,No,6153,109.64%
P0940,Youth Activity,7/29/2024,87,Youth,5.0,739,Oakleaf Community Center,Yes,1435,94.18%
P0598,Library Workshop,7/29/2024,104,Adult,3.7,1443,Elmwood Library,No,2727,88.98%
P0290,Youth Activity,7/29/2024,77,Youth,4.5,597,Oakleaf Community Center,Yes,1447,142.38%
P0035,Civic Light Opera,7/29/2024,81,Adult,4.4,4179,Maplewood Performing Arts Center,No,7467,78.68%
P0319,Library Workshop,7/30/2024,87,Youth,3.9,1377,Elmwood Library,No,2890,109.88%
P0815,Senior Service,7/30/2024,26,Senior,4.7,539,Silver Elm Senior Center,No,735,36.36%
P0677,Library Workshop,7/30/2024,105,Youth,4.9,1070,Elmwood Library,No,2885,169.63%
P0311,Theatre Event,7/30/2024,83,Adult,4.1,2941,Maplewood Performing Arts Center,No,7110,141.75%
P0133,Library Workshop,7/30/2024,89,Youth,4.3,1064,Elmwood Library,No,2990,181.02%
P0217,Theatre Event,7/30/2024,153,Adult,2.7,3914,Maplewood Performing Arts Center,No,7177,83.37%
P0986,Theatre Event,7/30/2024,130,Adult,3.6,2441,Starlight Theatre,No,6720,175.30%
P0796,Senior Service,7/31/2024,35,Senior,4.3,496,Silver Elm Senior Center,No,1377,177.62%
P0599,Library Workshop,8/1/2024,118,Adult,4.7,1119,Elmwood Library,Yes,3080,175.25%
P0287,Theatre Event,8/1/2024,151,Adult,3.8,2298,Starlight Theatre,No,4136,79.98%
P0655,Theatre Event,8/1/2024,129,Adult,3.6,2065,Maplewood Performing Arts Center,No,6431,211.43%
P0127,Senior Service,8/1/2024,34,Senior,4.7,355,Silver Elm Senior Center,No,1518,327.61%
P0082,Youth Activity,8/2/2024,79,Youth,4.1,736,Oakleaf Community Center,Yes,1605,118.07%
P0645,Library Workshop,8/2/2024,73,Youth,3.6,1911,Elmwood Library,Yes,3802,98.95%
P0951,Youth Activity,8/2/2024,46,Youth,5.0,748,Willow Park Community Center,No,1586,112.03%
P0117,Senior Service,8/3/2024,36,Senior,4.6,773,Silver Elm Senior Center,No,1525,97.28%
P0926,Library Workshop,8/3/2024,120,Youth,3.5,1789,Hazel Branch Library,No,2158,20.63%
P0568,Theatre Event,8/4/2024,124,Adult,2.7,3411,Maplewood Performing Arts Center,Yes,7780,128.09%
P0442,Civic Light Opera,8/4/2024,86,Adult,3.1,3526,Maplewood Performing Arts Center,No,5547,57.32%
P0576,Civic Light Opera,8/4/2024,126,Adult,3.6,4619,Maplewood Performing Arts Center,No,9198,99.13%
P0629,Library Workshop,8/5/2024,129,Youth,4.3,1677,Elmwood Library,No,3853,129.76%
P0810,Library Workshop,8/5/2024,74,Youth,4.4,1084,Elmwood Library,No,3764,247.23%
P0763,Library Workshop,8/5/2024,146,Youth,3.8,1094,Elmwood Library,No,2213,102.29%
P0891,Youth Activity,8/6/2024,95,Youth,4.1,892,Oakleaf Community Center,No,1109,24.33%
P0524,Senior Service,8/6/2024,47,Senior,4.8,519,Silver Elm Senior Center,No,1120,115.80%
P0724,Youth Activity,8/6/2024,64,Youth,4.7,929,Willow Park Community Center,No,1765,89.99%
P0594,Theatre Event,8/7/2024,119,Adult,3.5,2460,Maplewood Performing Arts Center,No,4845,96.95%
P0185,Library Workshop,8/7/2024,72,Adult,4.9,1179,Elmwood Library,No,2502,112.21%
P0276,Theatre Event,8/8/2024,124,Adult,3.8,2836,Starlight Theatre,No,7672,170.52%
P0542,Youth Activity,8/8/2024,52,Youth,4.6,898,Oakleaf Community Center,No,1463,62.92%
P0706,Civic Light Opera,8/8/2024,128,Senior,3.5,3563,Maplewood Performing Arts Center,No,5754,61.49%
P0463,Youth Activity,8/8/2024,52,Youth,4.3,984,Willow Park Community Center,No,1857,88.72%
P0178,Theatre Event,8/8/2024,163,Adult,4.8,2139,Maplewood Performing Arts Center,No,4086,91.02%
P0298,Library Workshop,8/8/2024,75,Adult,3.7,1540,Elmwood Library,Yes,3187,106.95%
P0759,Senior Service,8/9/2024,42,Senior,4.4,693,Silver Elm Senior Center,No,770,11.11%
P0068,Senior Service,8/10/2024,44,Senior,4.6,356,Silver Elm Senior Center,Yes,831,133.43%
P0412,Civic Light Opera,8/10/2024,148,Senior,4.4,4318,Maplewood Performing Arts Center,Yes,8236,90.74%
P0253,Senior Service,8/12/2024,15,Senior,5.0,498,Silver Elm Senior Center,No,985,97.79%
P0669,Library Workshop,8/12/2024,126,Youth,4.3,1804,Elmwood Library,No,3121,73.00%
P0961,Library Workshop,8/13/2024,90,Youth,4.2,1468,Elmwood Library,Yes,2012,37.06%
P0482,Youth Activity,8/13/2024,58,Youth,4.8,761,Oakleaf Community Center,No,1564,105.52%
P0034,Civic Light Opera,8/13/2024,116,Adult,4.5,4067,Maplewood Performing Arts Center,No,8258,103.05%
P0822,Library Workshop,8/14/2024,55,Adult,4.6,1426,Elmwood Library,Yes,2225,56.03%
P0722,Library Workshop,8/14/2024,118,Youth,3.7,1757,Hazel Branch Library,No,2215,26.07%
P0847,Library Workshop,8/14/2024,117,Youth,3.9,1588,Hazel Branch Library,No,3428,115.87%
P0418,Theatre Event,8/14/2024,159,Adult,4.0,2801,Starlight Theatre,Yes,6921,147.09%
P0536,Civic Light Opera,8/14/2024,80,Adult,3.9,3867,Maplewood Performing Arts Center,No,5250,35.76%
P0254,Theatre Event,8/15/2024,185,Adult,4.2,3815,Maplewood Performing Arts Center,No,6578,72.42%
P0647,Youth Activity,8/16/2024,90,Youth,3.7,548,Willow Park Community Center,No,1868,240.88%
P0593,Library Workshop,8/16/2024,117,Youth,4.1,1478,Elmwood Library,No,2472,67.25%
P0837,Civic Light Opera,8/16/2024,133,Senior,4.4,3680,Maplewood Performing Arts Center,No,8391,128.02%
P0162,Youth Activity,8/16/2024,97,Youth,4.1,720,Willow Park Community Center,No,1423,97.64%
P0735,Theatre Event,8/17/2024,111,Adult,5.0,2730,Maplewood Performing Arts Center,No,7703,182.16%
P0200,Senior Service,8/17/2024,20,Senior,5.0,496,Silver Elm Senior Center,No,1581,218.75%
P0366,Theatre Event,8/17/2024,118,Adult,3.0,2286,Starlight Theatre,Yes,6589,188.23%
P0247,Theatre Event,8/17/2024,174,Adult,4.2,2440,Maplewood Performing Arts Center,Yes,6462,164.84%
P0120,Theatre Event,8/17/2024,106,Adult,3.8,3204,Maplewood Performing Arts Center,No,7327,128.68%
P0869,Senior Service,8/17/2024,20,Senior,4.8,674,Silver Elm Senior Center,Yes,622,-7.72%
P0388,Library Workshop,8/17/2024,75,Youth,4.8,1893,Elmwood Library,No,2898,53.09%
P0292,Library Workshop,8/18/2024,108,Youth,3.4,1942,Elmwood Library,Yes,2266,16.68%
P0985,Youth Activity,8/18/2024,67,Youth,4.5,667,Willow Park Community Center,No,1919,187.71%
P0685,Civic Light Opera,8/18/2024,104,Adult,4.2,3525,Maplewood Performing Arts Center,No,5701,61.73%
P0994,Youth Activity,8/19/2024,70,Youth,4.0,968,Willow Park Community Center,No,1191,23.04%
P0586,Library Workshop,8/19/2024,66,Youth,4.2,1317,Elmwood Library,No,3275,148.67%
P0698,Youth Activity,8/19/2024,92,Youth,4.3,682,Oakleaf Community Center,No,1078,58.06%
P0750,Youth Activity,8/19/2024,69,Youth,4.2,552,Oakleaf Community Center,No,1234,123.55%
P0435,Library Workshop,8/20/2024,103,Youth,5.0,1585,Elmwood Library,No,3296,107.95%
P0721,Civic Light Opera,8/21/2024,84,Adult,4.1,3967,Maplewood Performing Arts Center,No,6438,62.29%
P0279,Youth Activity,8/21/2024,50,Youth,4.8,598,Willow Park Community Center,No,1962,228.09%
P0424,Theatre Event,8/23/2024,131,Adult,4.3,2881,Starlight Theatre,No,6964,141.72%
P0694,Library Workshop,8/23/2024,137,Youth,3.8,1424,Elmwood Library,No,2841,99.51%
P0948,Civic Light Opera,8/23/2024,91,Senior,4.8,4857,Maplewood Performing Arts Center,No,7224,48.73%
P0765,Library Workshop,8/24/2024,115,Youth,3.5,1646,Elmwood Library,Yes,2653,61.18%
P0222,Youth Activity,8/24/2024,48,Youth,3.8,815,Oakleaf Community Center,No,1269,55.71%
P0791,Library Workshop,8/24/2024,111,Youth,3.7,1650,Hazel Branch Library,No,2806,70.06%
P0910,Theatre Event,8/24/2024,100,Adult,2.8,3088,Maplewood Performing Arts Center,No,6235,101.91%
P0638,Library Workshop,8/25/2024,56,Adult,5.0,1872,Elmwood Library,No,3837,104.97%
P0711,Senior Service,8/25/2024,42,Senior,4.8,547,Silver Elm Senior Center,No,901,64.72%
P0110,Library Workshop,8/26/2024,123,Youth,4.2,1832,Hazel Branch Library,No,3283,79.20%
P0157,Youth Activity,8/27/2024,96,Youth,4.9,500,Willow Park Community Center,Yes,1842,268.40%
P0992,Youth Activity,8/27/2024,71,Youth,4.2,876,Willow Park Community Center,No,1887,115.41%
P0885,Senior Service,8/28/2024,19,Senior,5.0,504,Silver Elm Senior Center,Yes,1263,150.60%
P0165,Library Workshop,8/28/2024,148,Youth,3.7,1449,Hazel Branch Library,No,3874,167.36%
P0322,Youth Activity,8/28/2024,94,Youth,4.8,750,Willow Park Community Center,No,1909,154.53%
P0381,Library Workshop,8/29/2024,117,Adult,4.8,1269,Elmwood Library,No,2869,126.08%
P0868,Library Workshop,8/29/2024,124,Youth,5.0,1737,Elmwood Library,No,2362,35.98%
P0213,Youth Activity,8/29/2024,74,Youth,4.3,869,Willow Park Community Center,Yes,1732,99.31%
P0401,Library Workshop,8/30/2024,72,Adult,3.7,1078,Hazel Branch Library,No,2270,110.58%
P0297,Senior Service,8/30/2024,42,Senior,4.8,666,Silver Elm Senior Center,Yes,912,36.94%
P0088,Youth Activity,8/30/2024,75,Youth,4.2,890,Oakleaf Community Center,No,1998,124.49%
P0572,Senior Service,8/31/2024,31,Senior,5.0,428,Silver Elm Senior Center,No,934,118.22%
P0402,Civic Light Opera,8/31/2024,129,Adult,3.4,3886,Maplewood Performing Arts Center,Yes,9797,152.11%
P0393,Theatre Event,8/31/2024,197,Adult,4.1,3781,Starlight Theatre,No,5542,46.57%
P0809,Theatre Event,9/2/2024,158,Adult,3.1,3759,Maplewood Performing Arts Center,No,6906,83.72%
P0691,Theatre Event,9/2/2024,102,Adult,3.9,2116,Maplewood Performing Arts Center,No,7215,240.97%
P0625,Youth Activity,9/2/2024,42,Youth,3.5,688,Willow Park Community Center,No,1345,95.49%
P0679,Civic Light Opera,9/2/2024,136,Senior,4.7,4197,Maplewood Performing Arts Center,Yes,7857,87.21%
P0106,Library Workshop,9/2/2024,100,Youth,3.1,1561,Hazel Branch Library,No,3136,100.90%
P0446,Civic Light Opera,9/3/2024,120,Adult,4.7,4082,Maplewood Performing Arts Center,No,7562,85.25%
P0096,Theatre Event,9/3/2024,117,Adult,4.2,2687,Maplewood Performing Arts Center,No,5675,111.20%
P0863,Theatre Event,9/3/2024,153,Adult,3.2,3114,Maplewood Performing Arts Center,No,5924,90.24%
P0372,Library Workshop,9/4/2024,91,Adult,4.1,1375,Elmwood Library,No,2548,85.31%
P0017,Theatre Event,9/4/2024,158,Adult,2.8,3375,Maplewood Performing Arts Center,No,4744,40.56%
P0537,Senior Service,9/4/2024,41,Senior,4.8,545,Silver Elm Senior Center,No,1534,181.47%
P0369,Library Workshop,9/4/2024,130,Youth,5.0,1657,Hazel Branch Library,No,3628,118.95%
P0327,Youth Activity,9/5/2024,68,Youth,4.2,610,Willow Park Community Center,No,1348,120.98%
P0539,Theatre Event,9/5/2024,128,Adult,4.2,2214,Starlight Theatre,No,4471,101.94%
P0967,Youth Activity,9/6/2024,59,Youth,4.6,510,Willow Park Community Center,No,1125,120.59%
P0981,Theatre Event,9/6/2024,172,Adult,2.9,3054,Starlight Theatre,No,4104,34.38%
P0808,Civic Light Opera,9/6/2024,139,Adult,4.3,3722,Maplewood Performing Arts Center,Yes,5743,54.30%
P0001,Theatre Event,9/6/2024,194,Adult,3.3,3229,Maplewood Performing Arts Center,Yes,4450,37.81%
P0240,Library Workshop,9/6/2024,69,Adult,3.9,1830,Elmwood Library,Yes,2917,59.40%
P0098,Theatre Event,9/6/2024,114,Adult,3.1,3011,Maplewood Performing Arts Center,No,6964,131.29%
P0898,Senior Service,9/7/2024,32,Senior,4.6,662,Silver Elm Senior Center,Yes,1104,66.77%
P0601,Library Workshop,9/8/2024,54,Youth,3.8,1905,Hazel Branch Library,No,2161,13.44%
P0738,Senior Service,9/9/2024,30,Senior,4.6,306,Silver Elm Senior Center,No,871,184.64%
P0848,Civic Light Opera,9/10/2024,123,Senior,4.3,4466,Maplewood Performing Arts Center,Yes,8685,94.47%
P0515,Library Workshop,9/10/2024,56,Adult,3.7,1935,Hazel Branch Library,No,2328,20.31%
P0257,Civic Light Opera,9/11/2024,101,Adult,3.7,3835,Maplewood Performing Arts Center,No,7209,87.98%
P0337,Senior Service,9/11/2024,42,Senior,4.4,410,Silver Elm Senior Center,No,736,79.51%
P0296,Theatre Event,9/11/2024,128,Adult,4.5,2006,Starlight Theatre,Yes,6570,227.52%
P0439,Youth Activity,9/12/2024,41,Youth,4.2,984,Willow Park Community Center,No,1149,16.77%
P0627,Theatre Event,9/12/2024,84,Adult,4.0,3280,Starlight Theatre,Yes,4258,29.82%
P0906,Senior Service,9/12/2024,28,Senior,4.5,463,Silver Elm Senior Center,Yes,1019,120.09%
P0411,Theatre Event,9/13/2024,164,Adult,4.5,2592,Maplewood Performing Arts Center,No,6372,145.83%
P0894,Theatre Event,9/13/2024,184,Adult,4.0,2149,Starlight Theatre,No,4873,126.76%
P0821,Senior Service,9/13/2024,26,Senior,4.9,762,Silver Elm Senior Center,No,823,8.01%
P0667,Library Workshop,9/14/2024,93,Adult,4.1,1101,Elmwood Library,Yes,3745,240.15%
P0362,Youth Activity,9/15/2024,73,Youth,4.7,844,Oakleaf Community Center,No,1220,44.55%
P0556,Theatre Event,9/16/2024,98,Adult,3.7,3507,Maplewood Performing Arts Center,No,7724,120.25%
P0233,Youth Activity,9/16/2024,47,Youth,4.3,929,Oakleaf Community Center,No,1891,103.55%
P0872,Library Workshop,9/16/2024,128,Youth,5.0,1050,Elmwood Library,No,2869,173.24%
P0575,Senior Service,9/17/2024,34,Senior,4.5,428,Silver Elm Senior Center,Yes,1121,161.92%
P0459,Library Workshop,9/17/2024,107,Adult,4.7,1151,Elmwood Library,No,2912,153.00%
P0752,Civic Light Opera,9/17/2024,94,Adult,4.5,4176,Maplewood Performing Arts Center,No,7510,79.84%
P0708,Senior Service,9/17/2024,39,Senior,5.0,603,Silver Elm Senior Center,Yes,1432,137.48%
P0324,Library Workshop,9/18/2024,94,Adult,4.5,1452,Hazel Branch Library,No,3577,146.35%
P0079,Theatre Event,9/18/2024,174,Adult,4.8,2803,Maplewood Performing Arts Center,No,5780,106.21%
P0011,Library Workshop,9/19/2024,111,Youth,4.1,1964,Elmwood Library,Yes,3491,77.75%
P0216,Library Workshop,9/19/2024,67,Youth,4.1,1889,Elmwood Library,No,3764,99.26%
P0134,Theatre Event,9/19/2024,185,Adult,3.7,2824,Maplewood Performing Arts Center,No,6228,120.54%
P0952,Youth Activity,9/19/2024,68,Youth,4.8,722,Oakleaf Community Center,No,1563,116.48%
P0097,Theatre Event,9/19/2024,122,Adult,5.0,3423,Starlight Theatre,No,5904,72.48%
P0840,Youth Activity,9/20/2024,51,Youth,4.6,736,Oakleaf Community Center,No,1877,155.03%
P0113,Civic Light Opera,9/20/2024,138,Adult,4.2,4745,Maplewood Performing Arts Center,Yes,7690,62.07%
P0112,Library Workshop,9/20/2024,63,Youth,5.0,1433,Hazel Branch Library,Yes,2374,65.67%
P0493,Library Workshop,9/21/2024,112,Youth,3.9,1761,Elmwood Library,No,3332,89.21%
P0603,Library Workshop,9/21/2024,119,Youth,3.2,1945,Elmwood Library,No,2395,23.14%
P0555,Senior Service,9/22/2024,45,Senior,4.9,470,Silver Elm Senior Center,Yes,1174,149.79%
P0232,Theatre Event,9/22/2024,169,Adult,2.6,2826,Maplewood Performing Arts Center,Yes,4590,62.42%
P0033,Library Workshop,9/22/2024,122,Youth,3.9,1955,Elmwood Library,No,3717,90.13%
P0095,Senior Service,9/22/2024,32,Senior,4.6,481,Silver Elm Senior Center,Yes,1492,210.19%
P0333,Library Workshop,9/22/2024,129,Adult,4.0,1011,Hazel Branch Library,No,3723,268.25%
P0090,Theatre Event,9/23/2024,167,Adult,4.6,3363,Maplewood Performing Arts Center,No,6387,89.92%
P0047,Theatre Event,9/23/2024,85,Adult,3.9,2661,Maplewood Performing Arts Center,Yes,6308,137.05%
P0581,Theatre Event,9/23/2024,83,Adult,3.5,3435,Starlight Theatre,Yes,6282,82.88%
P0636,Theatre Event,9/24/2024,152,Adult,3.4,3272,Maplewood Performing Arts Center,No,4215,28.82%
P0391,Civic Light Opera,9/24/2024,130,Senior,4.4,4404,Maplewood Performing Arts Center,No,6644,50.86%
P0072,Library Workshop,9/24/2024,127,Youth,3.9,1058,Hazel Branch Library,No,2643,149.81%
P0609,Theatre Event,9/24/2024,89,Adult,3.5,3323,Maplewood Performing Arts Center,No,6272,88.75%
P0562,Library Workshop,9/25/2024,148,Youth,4.6,1322,Hazel Branch Library,No,2236,69.14%
P0370,Library Workshop,9/25/2024,62,Youth,3.5,1620,Hazel Branch Library,No,3118,92.47%
P0067,Library Workshop,9/25/2024,120,Youth,4.4,1428,Elmwood Library,Yes,2138,49.72%
P0491,Theatre Event,9/25/2024,83,Adult,3.2,3035,Maplewood Performing Arts Center,Yes,4865,60.30%
P0846,Theatre Event,9/26/2024,94,Adult,3.8,3336,Starlight Theatre,No,5894,76.68%
P0720,Youth Activity,9/26/2024,64,Youth,4.6,812,Willow Park Community Center,Yes,1331,63.92%
P0754,Theatre Event,9/26/2024,83,Adult,3.8,2213,Maplewood Performing Arts Center,No,7862,255.26%
P0519,Civic Light Opera,9/27/2024,111,Adult,3.5,4209,Maplewood Performing Arts Center,No,7624,81.14%
P0277,Senior Service,9/27/2024,22,Senior,4.6,642,Silver Elm Senior Center,No,1207,88.01%
P0321,Theatre Event,9/28/2024,145,Adult,4.1,3048,Starlight Theatre,No,7156,134.78%
P0888,Library Workshop,9/28/2024,78,Youth,5.0,1137,Hazel Branch Library,No,2909,155.85%
P0375,Library Workshop,9/28/2024,72,Youth,4.6,1734,Hazel Branch Library,No,3457,99.37%
P0009,Youth Activity,9/29/2024,58,Youth,4.6,903,Oakleaf Community Center,Yes,1337,48.06%
P0398,Theatre Event,9/29/2024,195,Adult,3.7,3710,Starlight Theatre,Yes,4115,10.92%
P0856,Library Workshop,9/30/2024,104,Youth,3.8,1931,Hazel Branch Library,No,2820,46.04%
P0779,Youth Activity,10/1/2024,97,Youth,3.3,540,Oakleaf Community Center,No,1233,128.33%
P0341,Theatre Event,10/2/2024,161,Adult,4.2,2812,Starlight Theatre,No,5854,108.18%
P0526,Theatre Event,10/2/2024,178,Adult,3.1,2196,Maplewood Performing Arts Center,Yes,7297,232.29%
P0544,Youth Activity,10/2/2024,89,Youth,4.3,623,Oakleaf Community Center,No,1310,110.27%
P0384,Senior Service,10/2/2024,30,Senior,4.8,799,Silver Elm Senior Center,No,1194,49.44%
P0977,Youth Activity,10/3/2024,65,Youth,4.1,659,Oakleaf Community Center,No,1780,170.11%
P0130,Theatre Event,10/3/2024,105,Adult,3.0,3109,Maplewood Performing Arts Center,No,5361,72.43%
P0748,Theatre Event,10/3/2024,142,Adult,3.9,2501,Maplewood Performing Arts Center,Yes,7258,190.20%
P0174,Library Workshop,10/3/2024,74,Adult,3.6,1578,Elmwood Library,No,2509,59.00%
P0653,Youth Activity,10/4/2024,61,Youth,5.0,856,Oakleaf Community Center,No,1675,95.68%
P0119,Senior Service,10/5/2024,21,Senior,4.8,739,Silver Elm Senior Center,Yes,1543,108.80%
P0813,Library Workshop,10/5/2024,116,Adult,4.6,1597,Elmwood Library,No,2976,86.35%
P0145,Library Workshop,10/6/2024,102,Youth,3.9,1737,Hazel Branch Library,No,2607,50.09%
P0261,Youth Activity,10/6/2024,41,Youth,4.5,784,Willow Park Community Center,No,1612,105.61%
P0937,Library Workshop,10/7/2024,130,Youth,4.0,1861,Elmwood Library,No,3700,98.82%
P0413,Civic Light Opera,10/7/2024,148,Senior,4.1,4865,Maplewood Performing Arts Center,No,7721,58.71%
P0534,Youth Activity,10/8/2024,53,Youth,4.6,759,Oakleaf Community Center,Yes,1254,65.22%
P0973,Youth Activity,10/8/2024,86,Youth,4.8,651,Oakleaf Community Center,No,1398,114.75%
P0209,Library Workshop,10/8/2024,117,Youth,4.0,1863,Hazel Branch Library,Yes,3310,77.67%
P0220,Senior Service,10/8/2024,49,Senior,4.5,321,Silver Elm Senior Center,Yes,792,146.73%
P0228,Theatre Event,10/8/2024,161,Adult,3.5,2053,Starlight Theatre,No,4783,132.98%
P0597,Youth Activity,10/8/2024,52,Youth,3.7,670,Willow Park Community Center,Yes,1533,128.81%
P0564,Library Workshop,10/9/2024,136,Adult,4.1,1508,Hazel Branch Library,Yes,2210,46.55%
P0359,Civic Light Opera,10/9/2024,124,Adult,3.7,3645,Maplewood Performing Arts Center,No,6264,71.85%
P1000,Theatre Event,10/11/2024,123,Adult,2.9,3004,Maplewood Performing Arts Center,No,7420,147.00%
P0527,Theatre Event,10/12/2024,156,Adult,3.4,2569,Starlight Theatre,Yes,5065,97.16%
P0851,Library Workshop,10/13/2024,119,Youth,4.3,1323,Elmwood Library,No,3648,175.74%
P0070,Civic Light Opera,10/13/2024,136,Senior,4.5,3581,Maplewood Performing Arts Center,No,7604,112.34%
P0170,Youth Activity,10/13/2024,97,Youth,4.8,751,Oakleaf Community Center,No,1871,149.13%
P0830,Theatre Event,10/15/2024,193,Adult,5.0,2966,Starlight Theatre,Yes,7061,138.06%
P0270,Library Workshop,10/15/2024,136,Youth,4.2,1710,Elmwood Library,No,3550,107.60%
P0804,Youth Activity,10/16/2024,95,Youth,4.6,724,Oakleaf Community Center,No,1191,64.50%
P0071,Senior Service,10/16/2024,29,Senior,4.7,302,Silver Elm Senior Center,No,1293,328.15%
P0817,Youth Activity,10/16/2024,98,Youth,4.6,515,Oakleaf Community Center,No,1530,197.09%
P0975,Library Workshop,10/17/2024,136,Youth,5.0,1446,Elmwood Library,No,2092,44.67%
P0879,Library Workshop,10/17/2024,64,Youth,3.8,1056,Hazel Branch Library,No,2070,96.02%
P0022,Library Workshop,10/17/2024,58,Youth,3.9,1896,Elmwood Library,No,3096,63.29%
P0189,Theatre Event,10/18/2024,171,Adult,4.1,2716,Maplewood Performing Arts Center,No,5982,120.25%
P0723,Library Workshop,10/19/2024,99,Adult,3.9,1716,Hazel Branch Library,No,2550,48.60%
P0652,Theatre Event,10/19/2024,162,Adult,4.4,3600,Starlight Theatre,No,4306,19.61%
P0676,Civic Light Opera,10/19/2024,137,Adult,4.1,4853,Maplewood Performing Arts Center,Yes,5767,18.83%
P0658,Theatre Event,10/20/2024,81,Adult,3.8,3779,Starlight Theatre,No,6957,84.10%
P0911,Youth Activity,10/20/2024,59,Youth,4.6,853,Oakleaf Community Center,Yes,1265,48.30%
P0528,Library Workshop,10/20/2024,87,Youth,2.8,1544,Elmwood Library,No,3128,102.59%
P0731,Library Workshop,10/20/2024,82,Adult,4.2,1976,Elmwood Library,No,2604,31.78%
P0263,Library Workshop,10/21/2024,70,Youth,4.3,1909,Hazel Branch Library,No,2313,21.16%
P0437,Library Workshop,10/21/2024,102,Youth,3.8,1451,Hazel Branch Library,No,3039,109.44%
P0703,Theatre Event,10/22/2024,148,Adult,3.3,3320,Starlight Theatre,Yes,5196,56.51%
P0531,Senior Service,10/22/2024,45,Senior,5.0,580,Silver Elm Senior Center,No,814,40.34%
P0040,Theatre Event,10/23/2024,80,Adult,3.3,3637,Starlight Theatre,Yes,5007,37.67%
P0776,Library Workshop,10/23/2024,118,Youth,3.1,1734,Elmwood Library,No,2249,29.70%
P0421,Senior Service,10/24/2024,37,Senior,4.7,653,Silver Elm Senior Center,Yes,1425,118.22%
P0029,Youth Activity,10/25/2024,97,Youth,5.0,593,Willow Park Community Center,Yes,1649,178.08%
P0043,Library Workshop,10/25/2024,50,Youth,4.2,1534,Elmwood Library,No,2060,34.29%
P0204,Senior Service,10/26/2024,33,Senior,4.8,362,Silver Elm Senior Center,Yes,1090,201.10%
P0602,Library Workshop,10/26/2024,116,Youth,4.5,1586,Elmwood Library,Yes,3089,94.77%
P0485,Youth Activity,10/27/2024,76,Youth,4.5,827,Oakleaf Community Center,No,1266,53.08%
P0285,Youth Activity,10/27/2024,66,Youth,3.9,687,Willow Park Community Center,Yes,1475,114.70%
P0766,Youth Activity,10/27/2024,83,Youth,4.6,657,Willow Park Community Center,No,1325,101.67%
P0386,Senior Service,10/27/2024,39,Senior,4.7,305,Silver Elm Senior Center,No,1519,398.03%
P0614,Library Workshop,10/27/2024,96,Youth,3.4,1549,Elmwood Library,No,2987,92.83%
P0475,Theatre Event,10/28/2024,112,Adult,3.2,2609,Maplewood Performing Arts Center,No,6708,157.11%
P0949,Senior Service,10/28/2024,47,Senior,4.6,578,Silver Elm Senior Center,No,1317,127.85%
P0909,Library Workshop,10/28/2024,129,Adult,4.6,1678,Elmwood Library,No,3830,128.25%
P0615,Senior Service,10/30/2024,48,Senior,4.7,347,Silver Elm Senior Center,No,950,173.78%
P0942,Youth Activity,10/30/2024,87,Youth,4.7,755,Willow Park Community Center,No,1105,46.36%
P0969,Youth Activity,10/30/2024,88,Youth,4.2,942,Willow Park Community Center,No,1388,47.35%
P0163,Youth Activity,10/30/2024,62,Youth,4.3,601,Oakleaf Community Center,No,1191,98.17%
P0326,Youth Activity,10/31/2024,86,Youth,3.9,886,Oakleaf Community Center,No,1347,52.03%
P0395,Theatre Event,10/31/2024,159,Adult,3.6,3576,Maplewood Performing Arts Center,No,5321,48.80%
P0309,Senior Service,11/1/2024,41,Senior,4.4,455,Silver Elm Senior Center,Yes,1107,143.30%
P0838,Theatre Event,11/1/2024,162,Adult,4.6,2302,Starlight Theatre,Yes,5223,126.89%
P0037,Theatre Event,11/1/2024,177,Adult,4.7,3721,Starlight Theatre,Yes,6819,83.26%
P0504,Senior Service,11/2/2024,48,Senior,4.6,383,Silver Elm Senior Center,No,1402,266.06%
P0182,Library Workshop,11/2/2024,101,Adult,4.2,1024,Elmwood Library,Yes,2888,182.03%
P0193,Civic Light Opera,11/3/2024,134,Adult,4.0,4260,Maplewood Performing Arts Center,No,8262,93.94%
P0681,Senior Service,11/3/2024,16,Senior,4.8,445,Silver Elm Senior Center,Yes,1196,168.76%
P0347,Youth Activity,11/3/2024,91,Youth,4.1,982,Oakleaf Community Center,No,1293,31.67%
P0142,Library Workshop,11/4/2024,55,Youth,4.2,1187,Elmwood Library,No,3630,205.81%
P0632,Senior Service,11/4/2024,29,Senior,5.0,393,Silver Elm Senior Center,No,1265,221.88%
P0288,Theatre Event,11/5/2024,99,Adult,3.2,2439,Starlight Theatre,No,5574,128.54%
P0100,Library Workshop,11/5/2024,127,Adult,3.5,1432,Hazel Branch Library,No,3951,175.91%
P0805,Theatre Event,11/5/2024,182,Adult,3.5,2566,Maplewood Performing Arts Center,No,6621,158.03%
P0056,Civic Light Opera,11/5/2024,126,Adult,3.8,3646,Maplewood Performing Arts Center,No,8982,146.35%
P0523,Civic Light Opera,11/5/2024,140,Senior,4.2,4373,Maplewood Performing Arts Center,Yes,9452,116.14%
P0561,Youth Activity,11/6/2024,68,Youth,4.6,736,Oakleaf Community Center,No,1276,73.37%
P0803,Youth Activity,11/6/2024,82,Youth,4.6,634,Oakleaf Community Center,No,1842,190.54%
P0924,Senior Service,11/7/2024,28,Senior,4.0,495,Silver Elm Senior Center,Yes,1201,142.63%
P0604,Library Workshop,11/7/2024,120,Youth,4.2,1556,Hazel Branch Library,No,3916,151.67%
P0069,Library Workshop,11/7/2024,67,Adult,4.1,1184,Hazel Branch Library,Yes,3358,183.61%
P0899,Library Workshop,11/7/2024,123,Youth,4.3,1600,Elmwood Library,No,2764,72.75%
P0379,Senior Service,11/8/2024,34,Senior,4.4,614,Silver Elm Senior Center,No,1555,153.26%
P0968,Library Workshop,11/9/2024,99,Adult,3.4,1088,Hazel Branch Library,No,3375,210.20%
P0654,Youth Activity,11/9/2024,43,Youth,4.3,791,Oakleaf Community Center,Yes,1465,85.21%
P0695,Library Workshop,11/11/2024,66,Youth,4.3,1149,Elmwood Library,No,3561,209.92%
P0908,Theatre Event,11/11/2024,147,Adult,3.2,2445,Starlight Theatre,Yes,4715,92.84%
P0486,Civic Light Opera,11/11/2024,117,Senior,3.1,3971,Maplewood Performing Arts Center,No,7940,99.95%
P0739,Theatre Event,11/11/2024,178,Adult,5.0,2523,Starlight Theatre,No,6068,140.51%
P0914,Theatre Event,11/12/2024,90,Adult,3.6,3819,Starlight Theatre,No,6146,60.93%
P0236,Youth Activity,11/12/2024,67,Youth,4.2,617,Oakleaf Community Center,No,1075,74.23%
P0348,Library Workshop,11/13/2024,126,Adult,4.4,1309,Elmwood Library,No,2539,93.96%
P0841,Library Workshop,11/13/2024,104,Youth,4.1,1638,Elmwood Library,No,2604,58.97%
P0129,Library Workshop,11/13/2024,57,Youth,3.5,1012,Elmwood Library,No,2100,107.51%
P0492,Youth Activity,11/13/2024,45,Youth,4.5,891,Oakleaf Community Center,Yes,1266,42.09%
P0769,Theatre Event,11/14/2024,197,Adult,3.8,2745,Starlight Theatre,No,6652,142.33%
P0671,Library Workshop,11/16/2024,81,Adult,3.5,1028,Hazel Branch Library,No,2696,162.26%
P0499,Civic Light Opera,11/16/2024,141,Adult,4.8,4419,Maplewood Performing Arts Center,No,5069,14.71%
P0505,Youth Activity,11/16/2024,90,Youth,5.0,609,Oakleaf Community Center,Yes,1583,159.93%
P0964,Theatre Event,11/17/2024,189,Adult,4.6,2195,Starlight Theatre,No,7491,241.28%
P0077,Senior Service,11/17/2024,31,Senior,4.5,391,Silver Elm Senior Center,Yes,864,120.97%
P0820,Theatre Event,11/17/2024,158,Adult,4.2,2584,Starlight Theatre,No,6735,160.64%
P0489,Civic Light Opera,11/19/2024,141,Senior,3.7,4437,Maplewood Performing Arts Center,No,5865,32.18%
P0582,Civic Light Opera,11/20/2024,101,Adult,4.5,4315,Maplewood Performing Arts Center,No,5403,25.21%
P0382,Youth Activity,11/20/2024,75,Youth,4.1,506,Oakleaf Community Center,No,1304,157.71%
P0267,Youth Activity,11/20/2024,59,Youth,4.4,979,Willow Park Community Center,No,1399,42.90%
P0919,Senior Service,11/20/2024,37,Senior,4.9,541,Silver Elm Senior Center,No,729,34.75%
P0770,Senior Service,11/21/2024,42,Senior,5.0,678,Silver Elm Senior Center,No,1321,94.84%
P0461,Library Workshop,11/21/2024,66,Youth,3.8,1337,Elmwood Library,No,3399,154.23%
P0659,Youth Activity,11/22/2024,98,Youth,4.0,941,Oakleaf Community Center,Yes,1979,110.31%
P0227,Civic Light Opera,11/22/2024,127,Adult,3.8,3757,Maplewood Performing Arts Center,No,9905,163.64%
P0291,Library Workshop,11/22/2024,55,Youth,4.7,1576,Hazel Branch Library,No,2327,47.65%
P0107,Theatre Event,11/22/2024,121,Adult,4.2,3738,Maplewood Performing Arts Center,No,6236,66.83%
P0487,Library Workshop,11/22/2024,84,Youth,4.6,1805,Elmwood Library,No,3261,80.66%
P0506,Library Workshop,11/23/2024,79,Youth,5.0,1905,Elmwood Library,Yes,2176,14.23%
P0693,Theatre Event,11/23/2024,144,Adult,3.6,2645,Maplewood Performing Arts Center,Yes,4677,76.82%
P0637,Theatre Event,11/23/2024,156,Adult,4.5,2726,Maplewood Performing Arts Center,No,6601,142.15%
P0892,Senior Service,11/24/2024,15,Senior,5.0,372,Silver Elm Senior Center,No,939,152.42%
P0678,Theatre Event,11/24/2024,134,Adult,3.0,3858,Maplewood Performing Arts Center,Yes,6073,57.41%
P0058,Library Workshop,11/24/2024,116,Adult,4.3,1174,Hazel Branch Library,No,3948,236.29%
P0474,Senior Service,11/25/2024,26,Senior,4.9,517,Silver Elm Senior Center,No,1155,123.40%
P0588,Library Workshop,11/25/2024,127,Adult,4.5,1356,Elmwood Library,No,3986,193.95%
P0468,Senior Service,11/26/2024,21,Senior,4.9,345,Silver Elm Senior Center,Yes,901,161.16%
P0128,Senior Service,11/26/2024,25,Senior,4.8,409,Silver Elm Senior Center,Yes,791,93.40%
P0230,Youth Activity,11/26/2024,96,Youth,4.7,863,Oakleaf Community Center,Yes,1238,43.45%
P0962,Youth Activity,11/27/2024,67,Youth,3.8,910,Oakleaf Community Center,No,1051,15.49%
P0558,Library Workshop,11/27/2024,144,Adult,4.4,1896,Hazel Branch Library,Yes,2218,16.98%
P0535,Senior Service,11/28/2024,29,Senior,4.8,415,Silver Elm Senior Center,No,668,60.96%
P0740,Theatre Event,11/28/2024,129,Adult,4.9,3962,Starlight Theatre,Yes,5808,46.59%
P0920,Library Workshop,11/28/2024,143,Youth,4.6,1105,Elmwood Library,No,2000,81.00%
P0083,Theatre Event,11/29/2024,173,Adult,3.8,3230,Maplewood Performing Arts Center,No,7801,141.52%
P0745,Library Workshop,11/29/2024,63,Adult,4.4,1542,Elmwood Library,No,2990,93.90%
P0225,Library Workshop,11/30/2024,79,Adult,4.3,1494,Hazel Branch Library,Yes,2717,81.86%
P0064,Theatre Event,11/30/2024,196,Adult,3.3,2415,Maplewood Performing Arts Center,No,5167,113.95%
P0958,Library Workshop,12/1/2024,114,Youth,4.6,1794,Elmwood Library,No,2132,18.84%
P0358,Youth Activity,12/1/2024,50,Youth,4.6,748,Oakleaf Community Center,Yes,1901,154.14%
P0065,Library Workshop,12/1/2024,74,Adult,4.7,1092,Hazel Branch Library,Yes,2335,113.83%
P0566,Youth Activity,12/2/2024,75,Youth,4.6,518,Willow Park Community Center,Yes,1422,174.52%
P0346,Youth Activity,12/2/2024,98,Youth,4.8,788,Willow Park Community Center,No,1890,139.85%
P0734,Theatre Event,12/3/2024,182,Adult,3.3,3511,Starlight Theatre,No,4928,40.36%
P0076,Youth Activity,12/3/2024,87,Youth,4.2,928,Oakleaf Community Center,No,1479,59.38%
P0589,Library Workshop,12/3/2024,52,Youth,3.9,1518,Elmwood Library,Yes,3857,154.08%
P0211,Theatre Event,12/3/2024,152,Adult,4.3,2582,Maplewood Performing Arts Center,No,6418,148.57%
P0397,Senior Service,12/4/2024,31,Senior,5.0,523,Silver Elm Senior Center,Yes,602,15.11%
P0256,Youth Activity,12/4/2024,93,Youth,4.4,541,Oakleaf Community Center,No,1245,130.13%
P0978,Library Workshop,12/4/2024,115,Adult,4.8,1663,Elmwood Library,Yes,2010,20.87%
P0223,Library Workshop,12/5/2024,146,Youth,3.7,1713,Hazel Branch Library,Yes,3198,86.69%
P0702,Library Workshop,12/5/2024,125,Adult,4.6,1650,Elmwood Library,No,3475,110.61%
P0842,Youth Activity,12/5/2024,69,Youth,4.4,826,Oakleaf Community Center,No,1889,128.69%
P0950,Youth Activity,12/5/2024,69,Youth,4.8,724,Willow Park Community Center,No,1462,101.93%
P0480,Theatre Event,12/6/2024,189,Adult,4.0,3157,Starlight Theatre,No,7427,135.25%
P0989,Library Workshop,12/7/2024,72,Youth,4.5,1776,Hazel Branch Library,No,2904,63.51%
P0705,Library Workshop,12/7/2024,107,Youth,3.8,1827,Elmwood Library,No,2298,25.78%
P0778,Youth Activity,12/7/2024,46,Youth,3.7,865,Oakleaf Community Center,Yes,1402,62.08%
P0353,Youth Activity,12/7/2024,96,Youth,4.2,927,Oakleaf Community Center,No,1882,103.02%
P0843,Library Workshop,12/7/2024,73,Youth,4.3,1534,Elmwood Library,No,2228,45.24%
P0947,Library Workshop,12/8/2024,111,Youth,4.1,1263,Elmwood Library,No,3660,189.79%
P0444,Theatre Event,12/9/2024,117,Adult,4.9,3654,Starlight Theatre,No,7996,118.83%
P0660,Youth Activity,12/10/2024,41,Youth,4.7,742,Oakleaf Community Center,No,1122,51.21%
P0377,Senior Service,12/10/2024,16,Senior,4.7,519,Silver Elm Senior Center,No,705,35.84%
P0208,Youth Activity,12/10/2024,53,Youth,4.6,920,Oakleaf Community Center,No,1750,90.22%
P0915,Youth Activity,12/11/2024,98,Youth,4.6,956,Oakleaf Community Center,Yes,1916,100.42%
P0630,Library Workshop,12/11/2024,95,Adult,3.9,1455,Elmwood Library,No,2628,80.62%
P0737,Theatre Event,12/11/2024,147,Adult,3.9,2444,Starlight Theatre,No,7454,204.99%
P0490,Senior Service,12/11/2024,35,Senior,4.7,513,Silver Elm Senior Center,No,720,40.35%
P0212,Youth Activity,12/12/2024,78,Youth,4.2,989,Oakleaf Community Center,No,1975,99.70%
P0315,Senior Service,12/12/2024,20,Senior,4.8,394,Silver Elm Senior Center,No,1365,246.45%
P0570,Theatre Event,12/12/2024,93,Adult,4.1,3860,Maplewood Performing Arts Center,No,5080,31.61%
P0419,Youth Activity,12/12/2024,63,Youth,4.4,517,Oakleaf Community Center,Yes,1112,115.09%
P0264,Theatre Event,12/13/2024,155,Adult,3.3,3173,Starlight Theatre,No,4035,27.17%
P0431,Library Workshop,12/13/2024,87,Youth,4.4,1277,Hazel Branch Library,No,3910,206.19%
P0390,Senior Service,12/13/2024,44,Senior,4.8,614,Silver Elm Senior Center,No,927,50.98%
P0761,Library Workshop,12/13/2024,135,Youth,4.5,1987,Elmwood Library,Yes,2520,26.82%
P0983,Library Workshop,12/14/2024,88,Adult,4.1,1298,Elmwood Library,No,3843,196.07%
P0714,Theatre Event,12/15/2024,116,Adult,3.1,2114,Maplewood Performing Arts Center,No,4030,90.63%
P0771,Library Workshop,12/15/2024,127,Youth,4.2,1236,Hazel Branch Library,Yes,3923,217.39%
P0858,Theatre Event,12/15/2024,195,Adult,3.0,3684,Maplewood Performing Arts Center,Yes,5508,49.51%
P0783,Library Workshop,12/15/2024,134,Adult,5.0,1868,Hazel Branch Library,No,3482,86.40%
P0342,Theatre Event,12/16/2024,155,Adult,4.4,2494,Starlight Theatre,Yes,7182,187.97%
P0886,Library Workshop,12/16/2024,103,Youth,4.8,1335,Elmwood Library,No,2320,73.78%
P0498,Library Workshop,12/16/2024,87,Youth,4.6,1555,Elmwood Library,No,3865,148.55%
P0621,Library Workshop,12/17/2024,92,Youth,4.1,1209,Elmwood Library,No,3532,192.14%
P0086,Theatre Event,12/18/2024,117,Adult,4.3,3986,Maplewood Performing Arts Center,No,5152,29.25%
P0238,Library Workshop,12/20/2024,78,Youth,3.6,1227,Hazel Branch Library,Yes,3459,181.91%
P0026,Senior Service,12/20/2024,37,Senior,4.2,410,Silver Elm Senior Center,Yes,1079,163.17%
P0406,Senior Service,12/20/2024,21,Senior,4.2,776,Silver Elm Senior Center,No,1526,96.65%
P0768,Senior Service,12/21/2024,29,Senior,5.0,502,Silver Elm Senior Center,Yes,813,61.95%
P0275,Theatre Event,12/22/2024,84,Adult,3.3,3432,Starlight Theatre,No,5985,74.39%
P0059,Library Workshop,12/22/2024,99,Youth,5.0,1092,Elmwood Library,No,2204,101.83%
P0268,Youth Activity,12/22/2024,98,Youth,4.5,952,Willow Park Community Center,No,1103,15.86%
P0502,Theatre Event,12/22/2024,131,Adult,3.7,3961,Starlight Theatre,No,7865,98.56%
P0139,Theatre Event,12/22/2024,142,Adult,4.9,2443,Starlight Theatre,Yes,4226,72.98%
P0984,Library Workshop,12/23/2024,105,Youth,4.1,1750,Elmwood Library,No,2873,64.17%
P0928,Theatre Event,12/23/2024,152,Adult,3.3,2667,Starlight Theatre,No,4680,75.48%
P0252,Theatre Event,12/23/2024,160,Adult,3.3,3248,Starlight Theatre,No,7039,116.72%
P0746,Senior Service,12/23/2024,43,Senior,4.6,405,Silver Elm Senior Center,No,1335,229.63%
P0525,Senior Service,12/24/2024,26,Senior,5.0,583,Silver Elm Senior Center,No,911,56.26%
P0546,Theatre Event,12/24/2024,132,Adult,3.7,3107,Starlight Theatre,No,6715,116.12%
P0688,Library Workshop,12/25/2024,65,Adult,4.4,1537,Elmwood Library,No,3095,101.37%
P0355,Library Workshop,12/25/2024,133,Adult,4.8,1824,Hazel Branch Library,No,3113,70.67%
P0764,Youth Activity,12/25/2024,53,Youth,3.8,566,Willow Park Community Center,No,1011,78.62%
P0205,Youth Activity,12/25/2024,86,Youth,4.2,902,Oakleaf Community Center,No,1674,85.59%
P0758,Theatre Event,12/25/2024,155,Adult,3.7,3858,Starlight Theatre,No,5101,32.22%
P0433,Youth Activity,12/25/2024,73,Youth,4.5,920,Oakleaf Community Center,No,1896,106.09%
P0010,Youth Activity,12/26/2024,49,Youth,4.9,860,Willow Park Community Center,No,1217,41.51%
P0258,Youth Activity,12/26/2024,71,Youth,4.5,973,Willow Park Community Center,No,1011,3.91%
P0374,Youth Activity,12/27/2024,78,Youth,4.2,795,Willow Park Community Center,No,1852,132.96%
P0988,Theatre Event,12/28/2024,193,Adult,3.3,3625,Maplewood Performing Arts Center,No,4029,11.14%
P0664,Library Workshop,12/28/2024,98,Youth,4.2,1099,Hazel Branch Library,No,3597,227.30%
P0132,Library Workshop,12/28/2024,95,Adult,4.1,1452,Elmwood Library,Yes,3289,126.52%
P0451,Senior Service,12/28/2024,30,Senior,4.4,454,Silver Elm Senior Center,Yes,883,94.49%
P0584,Theatre Event,12/28/2024,187,Adult,3.4,2177,Starlight Theatre,No,6427,195.22%
P0138,Youth Activity,12/28/2024,60,Youth,4.5,581,Oakleaf Community Center,No,1200,106.54%
P0280,Senior Service,12/29/2024,15,Senior,4.7,682,Silver Elm Senior Center,Yes,657,-3.67%
P0330,Library Workshop,12/29/2024,65,Youth,4.2,1495,Elmwood Library,Yes,2333,56.05%
P0939,Library Workshop,12/29/2024,124,Adult,4.4,1869,Elmwood Library,No,2939,57.25%
P0692,Theatre Event,12/30/2024,156,Adult,3.6,2550,Maplewood Performing Arts Center,No,5711,123.96%
P0422,Senior Service,1/1/2025,18,Senior,4.7,622,Silver Elm Senior Center,Yes,670,7.72%
P0873,Youth Activity,1/1/2025,45,Youth,5.0,815,Willow Park Community Center,No,1953,139.63%
P0704,Library Workshop,1/1/2025,129,Adult,4.1,1098,Elmwood Library,Yes,2138,94.72%
P0168,Library Workshop,1/1/2025,117,Youth,3.7,1176,Elmwood Library,Yes,2057,74.91%
P0727,Library Workshop,1/2/2025,145,Adult,4.5,1213,Elmwood Library,Yes,3353,176.42%
P0878,Youth Activity,1/2/2025,45,Youth,4.0,822,Oakleaf Community Center,Yes,1202,46.23%
P0793,Theatre Event,1/3/2025,87,Adult,2.6,3831,Starlight Theatre,No,7150,86.64%
P0094,Youth Activity,1/3/2025,68,Youth,4.3,954,Willow Park Community Center,No,1229,28.83%
P0378,Library Workshop,1/4/2025,119,Youth,4.4,1098,Elmwood Library,No,2885,162.75%
P0432,Senior Service,1/4/2025,33,Senior,4.5,356,Silver Elm Senior Center,No,1539,332.30%
P0662,Civic Light Opera,1/4/2025,91,Adult,4.7,4860,Maplewood Performing Arts Center,No,5505,13.27%
P0501,Youth Activity,1/5/2025,96,Youth,4.9,797,Oakleaf Community Center,No,1109,39.15%
P0974,Library Workshop,1/5/2025,132,Youth,4.5,1897,Elmwood Library,No,2354,24.09%
P0790,Civic Light Opera,1/5/2025,132,Senior,4.0,4804,Maplewood Performing Arts Center,No,9859,105.22%
P0286,Library Workshop,1/5/2025,101,Youth,4.4,1876,Hazel Branch Library,Yes,2210,17.80%
P0606,Theatre Event,1/5/2025,192,Adult,4.1,3884,Starlight Theatre,No,4048,4.22%
P0946,Library Workshop,1/5/2025,133,Youth,3.9,1544,Hazel Branch Library,Yes,3181,106.02%
P0394,Senior Service,1/6/2025,41,Senior,4.6,300,Silver Elm Senior Center,Yes,1330,343.33%
P0643,Library Workshop,1/6/2025,52,Adult,3.9,1491,Elmwood Library,No,2844,90.74%
P0540,Library Workshop,1/8/2025,144,Youth,3.4,1366,Hazel Branch Library,No,3074,125.04%
P0317,Theatre Event,1/8/2025,153,Adult,3.4,2270,Maplewood Performing Arts Center,Yes,5510,142.73%
P0733,Youth Activity,1/8/2025,92,Youth,3.1,650,Oakleaf Community Center,Yes,1800,176.92%
P0052,Senior Service,1/9/2025,32,Senior,4.8,393,Silver Elm Senior Center,No,1261,220.87%
P0826,Civic Light Opera,1/10/2025,149,Adult,4.4,3632,Maplewood Performing Arts Center,No,7838,115.80%
P0613,Youth Activity,1/10/2025,66,Youth,4.8,909,Oakleaf Community Center,Yes,1425,56.77%
P0415,Youth Activity,1/10/2025,72,Youth,4.5,596,Willow Park Community Center,No,1131,89.77%
P0508,Senior Service,1/11/2025,39,Senior,5.0,623,Silver Elm Senior Center,No,641,2.89%
P0751,Library Workshop,1/11/2025,112,Adult,4.3,1989,Elmwood Library,No,2395,20.41%
P0628,Youth Activity,1/12/2025,91,Youth,4.1,546,Willow Park Community Center,No,1887,245.60%
P0114,Senior Service,1/12/2025,42,Senior,4.8,483,Silver Elm Senior Center,No,689,42.65%
P0041,Library Workshop,1/13/2025,78,Youth,4.5,1454,Hazel Branch Library,No,2302,58.32%
P0641,Library Workshop,1/13/2025,131,Adult,4.0,1576,Elmwood Library,Yes,2762,75.25%
P0530,Senior Service,1/13/2025,24,Senior,4.4,695,Silver Elm Senior Center,No,603,-13.24%
P0176,Library Workshop,1/13/2025,116,Youth,4.6,1194,Hazel Branch Library,No,2463,106.28%
P0610,Youth Activity,1/13/2025,55,Youth,3.8,809,Willow Park Community Center,Yes,1609,98.89%
P0002,Civic Light Opera,1/14/2025,95,Senior,4.0,4702,Maplewood Performing Arts Center,Yes,9595,104.06%
P0876,Library Workshop,1/14/2025,105,Youth,4.9,1127,Hazel Branch Library,No,3276,190.68%
P0180,Library Workshop,1/14/2025,70,Youth,3.9,1432,Hazel Branch Library,No,3492,143.85%
P0304,Youth Activity,1/14/2025,87,Youth,4.3,880,Oakleaf Community Center,Yes,1986,125.68%
P0580,Library Workshop,1/15/2025,100,Adult,3.4,1388,Elmwood Library,No,2157,55.40%
P0483,Theatre Event,1/15/2025,186,Adult,3.7,3092,Starlight Theatre,No,4191,35.54%
P0864,Theatre Event,1/15/2025,169,Adult,4.8,2588,Maplewood Performing Arts Center,No,5407,108.93%
P0760,Senior Service,1/16/2025,29,Senior,4.9,510,Silver Elm Senior Center,Yes,1159,127.25%
P0313,Library Workshop,1/16/2025,61,Adult,3.8,1454,Hazel Branch Library,No,2382,63.82%
P0126,Theatre Event,1/17/2025,167,Adult,3.6,2905,Starlight Theatre,No,4782,64.61%
P0700,Theatre Event,1/17/2025,185,Adult,4.0,2631,Maplewood Performing Arts Center,No,6806,158.68%
P0548,Youth Activity,1/17/2025,57,Youth,3.7,705,Oakleaf Community Center,No,1867,164.82%
P0657,Library Workshop,1/18/2025,134,Youth,3.6,1478,Hazel Branch Library,No,2100,42.08%
P0901,Library Workshop,1/18/2025,77,Adult,4.4,1041,Hazel Branch Library,Yes,2699,159.27%
P0331,Theatre Event,1/19/2025,156,Adult,4.2,3813,Maplewood Performing Arts Center,Yes,6020,57.88%
P0895,Youth Activity,1/19/2025,82,Youth,4.0,963,Oakleaf Community Center,Yes,1896,96.88%
P0283,Theatre Event,1/20/2025,139,Adult,3.9,3227,Maplewood Performing Arts Center,No,4275,32.48%
P0619,Senior Service,1/20/2025,16,Senior,5.0,398,Silver Elm Senior Center,No,890,123.62%
P0933,Civic Light Opera,1/21/2025,91,Adult,4.0,4776,Maplewood Performing Arts Center,Yes,6293,31.76%
P0623,Theatre Event,1/21/2025,181,Adult,3.9,3099,Starlight Theatre,No,6132,97.87%
P0932,Senior Service,1/21/2025,25,Senior,4.4,569,Silver Elm Senior Center,No,1149,101.93%
P0144,Theatre Event,1/22/2025,181,Adult,2.9,3214,Maplewood Performing Arts Center,No,4219,31.27%
P0880,Library Workshop,1/22/2025,64,Adult,4.5,1371,Elmwood Library,Yes,2513,83.30%
P0471,Library Workshop,1/23/2025,141,Adult,5.0,1333,Elmwood Library,Yes,2089,56.71%
P0543,Library Workshop,1/23/2025,113,Youth,5.0,1368,Elmwood Library,No,3016,120.47%
P0018,Theatre Event,1/23/2025,138,Adult,5.0,2099,Starlight Theatre,No,6305,200.38%
P0293,Senior Service,1/23/2025,18,Senior,4.9,665,Silver Elm Senior Center,Yes,1251,88.12%
P0454,Civic Light Opera,1/24/2025,142,Adult,4.4,4214,Maplewood Performing Arts Center,No,7121,68.98%
P0965,Library Workshop,1/25/2025,59,Youth,3.8,1970,Hazel Branch Library,No,2401,21.88%
P0352,Senior Service,1/27/2025,29,Senior,5.0,524,Silver Elm Senior Center,No,1516,189.31%
P0596,Theatre Event,1/27/2025,178,Adult,3.2,3872,Maplewood Performing Arts Center,No,7832,102.27%
P0931,Library Workshop,1/28/2025,86,Adult,3.9,1866,Hazel Branch Library,No,2942,57.66%
P0192,Senior Service,1/28/2025,39,Senior,4.9,375,Silver Elm Senior Center,No,1496,298.93%
P0507,Civic Light Opera,1/28/2025,90,Senior,4.4,4024,Maplewood Performing Arts Center,No,8879,120.65%
P0116,Senior Service,1/28/2025,40,Senior,5.0,374,Silver Elm Senior Center,Yes,1567,318.98%
P0260,Library Workshop,1/28/2025,115,Youth,4.4,1635,Hazel Branch Library,No,2922,78.72%
P0833,Library Workshop,1/29/2025,79,Adult,4.6,1913,Hazel Branch Library,Yes,2218,15.94%
P0409,Civic Light Opera,1/30/2025,140,Senior,4.3,4133,Maplewood Performing Arts Center,No,8199,98.38%
P0571,Theatre Event,1/30/2025,162,Adult,2.9,2343,Maplewood Performing Arts Center,No,5302,126.29%
P0966,Theatre Event,1/30/2025,173,Adult,5.0,3515,Starlight Theatre,No,5598,59.26%
P0927,Library Workshop,1/31/2025,75,Youth,4.5,1728,Elmwood Library,No,2143,24.02%
P0877,Youth Activity,1/31/2025,80,Youth,5.0,770,Willow Park Community Center,No,1414,83.64%
P0140,Civic Light Opera,2/1/2025,127,Adult,4.3,4962,Maplewood Performing Arts Center,No,6830,37.65%
P0115,Youth Activity,2/1/2025,69,Youth,4.5,932,Oakleaf Community Center,No,1803,93.45%
P0918,Civic Light Opera,2/1/2025,133,Senior,4.3,4910,Maplewood Performing Arts Center,No,5981,21.81%
P0380,Library Workshop,2/1/2025,132,Youth,4.6,1317,Hazel Branch Library,No,2215,68.19%
P0360,Youth Activity,2/1/2025,91,Youth,4.4,880,Oakleaf Community Center,Yes,1034,17.50%
P0583,Theatre Event,2/2/2025,117,Adult,4.0,3374,Starlight Theatre,No,6180,83.17%
P0032,Library Workshop,2/3/2025,140,Youth,4.9,1690,Hazel Branch Library,No,2720,60.95%
P0953,Library Workshop,2/3/2025,103,Youth,4.3,1032,Hazel Branch Library,No,2557,147.77%
P0661,Theatre Event,2/4/2025,180,Adult,3.7,2540,Starlight Theatre,No,7830,208.27%
P0552,Senior Service,2/4/2025,24,Senior,4.6,309,Silver Elm Senior Center,Yes,957,209.71%
P0269,Theatre Event,2/4/2025,194,Adult,3.7,2709,Maplewood Performing Arts Center,Yes,5360,97.86%
P0934,Theatre Event,2/5/2025,113,Adult,3.1,3968,Maplewood Performing Arts Center,No,5849,47.40%
P0495,Theatre Event,2/5/2025,172,Adult,3.9,2751,Starlight Theatre,No,7028,155.47%
P0832,Theatre Event,2/5/2025,163,Adult,3.9,3441,Maplewood Performing Arts Center,No,4127,19.94%
P0689,Senior Service,2/6/2025,19,Senior,4.5,476,Silver Elm Senior Center,No,881,85.08%
P0579,Theatre Event,2/6/2025,117,Adult,4.1,2712,Starlight Theatre,No,5278,94.62%
P0509,Civic Light Opera,2/7/2025,98,Adult,3.5,4774,Maplewood Performing Arts Center,No,8381,75.56%
P0093,Senior Service,2/7/2025,20,Senior,4.3,531,Silver Elm Senior Center,Yes,1366,157.25%
P0993,Library Workshop,2/8/2025,145,Youth,5.0,1435,Hazel Branch Library,No,2411,68.01%
P0532,Civic Light Opera,2/8/2025,115,Adult,4.4,4072,Maplewood Performing Arts Center,No,6332,55.50%
P0557,Library Workshop,2/8/2025,127,Adult,4.9,1803,Elmwood Library,No,3289,82.42%
P0823,Theatre Event,2/9/2025,181,Adult,3.3,3988,Maplewood Performing Arts Center,No,5415,35.78%
P0844,Civic Light Opera,2/9/2025,118,Adult,4.0,4876,Maplewood Performing Arts Center,No,6419,31.64%
P0087,Youth Activity,2/9/2025,69,Youth,4.1,877,Oakleaf Community Center,Yes,1922,119.16%
P0788,Theatre Event,2/9/2025,80,Adult,4.5,2234,Starlight Theatre,Yes,4509,101.84%
P0730,Library Workshop,2/9/2025,131,Youth,4.3,1756,Elmwood Library,No,2432,38.50%
P0171,Youth Activity,2/10/2025,95,Youth,3.7,709,Willow Park Community Center,No,1608,126.80%
P0452,Youth Activity,2/10/2025,56,Youth,5.0,819,Oakleaf Community Center,No,1497,82.78%
P0399,Senior Service,2/10/2025,28,Senior,5.0,714,Silver Elm Senior Center,No,694,-2.80%
P0250,Senior Service,2/10/2025,45,Senior,4.1,406,Silver Elm Senior Center,Yes,687,69.21%
P0046,Youth Activity,2/10/2025,72,Youth,3.9,868,Oakleaf Community Center,No,1136,30.88%
P0897,Library Workshop,2/10/2025,139,Adult,4.2,1577,Hazel Branch Library,No,3555,125.43%
P0281,Senior Service,2/11/2025,15,Senior,5.0,625,Silver Elm Senior Center,Yes,607,-2.88%
P0497,Youth Activity,2/11/2025,78,Youth,4.3,892,Oakleaf Community Center,No,1421,59.30%
P0923,Senior Service,2/11/2025,25,Senior,4.3,744,Silver Elm Senior Center,No,925,24.33%
P0155,Civic Light Opera,2/11/2025,92,Adult,3.4,3642,Maplewood Performing Arts Center,Yes,7761,113.10%
P0709,Library Workshop,2/11/2025,102,Adult,3.7,1598,Elmwood Library,Yes,2832,77.22%
P0194,Youth Activity,2/12/2025,81,Youth,4.5,681,Willow Park Community Center,No,1334,95.89%
P0363,Theatre Event,2/12/2025,98,Adult,4.1,3205,Maplewood Performing Arts Center,Yes,5664,76.72%
P0644,Theatre Event,2/12/2025,144,Adult,3.4,2535,Starlight Theatre,No,7618,200.51%
P0569,Civic Light Opera,2/13/2025,109,Adult,3.3,3806,Maplewood Performing Arts Center,No,6687,75.70%
P0819,Library Workshop,2/13/2025,102,Youth,3.8,1443,Hazel Branch Library,Yes,2912,101.80%
P0044,Civic Light Opera,2/13/2025,142,Adult,3.2,3652,Maplewood Performing Arts Center,Yes,7591,107.86%
P0732,Senior Service,2/13/2025,34,Senior,4.9,457,Silver Elm Senior Center,No,1386,203.28%
P0246,Civic Light Opera,2/13/2025,123,Adult,3.7,4148,Maplewood Performing Arts Center,No,9713,134.16%
P0060,Theatre Event,2/14/2025,127,Adult,4.6,3456,Starlight Theatre,No,7388,113.77%
P0173,Theatre Event,2/15/2025,117,Adult,4.0,2471,Starlight Theatre,Yes,6796,175.03%
P0364,Theatre Event,2/15/2025,121,Adult,4.5,3938,Starlight Theatre,No,5871,49.09%
P0183,Civic Light Opera,2/16/2025,84,Adult,4.0,4160,Maplewood Performing Arts Center,Yes,9059,117.76%
P0175,Youth Activity,2/16/2025,93,Youth,4.9,947,Oakleaf Community Center,Yes,1210,27.77%
P0550,Senior Service,2/16/2025,18,Senior,5.0,333,Silver Elm Senior Center,Yes,1305,291.89%
P0959,Library Workshop,2/17/2025,120,Adult,3.4,1110,Elmwood Library,Yes,2075,86.94%
P0784,Theatre Event,2/17/2025,127,Adult,2.2,2769,Starlight Theatre,No,7845,183.32%
P0787,Youth Activity,2/17/2025,86,Youth,4.5,736,Willow Park Community Center,No,1154,56.79%
P0883,Library Workshop,2/17/2025,134,Adult,4.3,1894,Hazel Branch Library,Yes,3427,80.94%
P0299,Youth Activity,2/17/2025,53,Youth,4.6,772,Oakleaf Community Center,Yes,1749,126.55%
P0429,Theatre Event,2/18/2025,154,Adult,3.8,2424,Maplewood Performing Arts Center,No,5984,146.86%
P0226,Library Workshop,2/18/2025,107,Youth,3.7,1638,Elmwood Library,No,3357,104.95%
P0707,Theatre Event,2/19/2025,81,Adult,3.6,3564,Starlight Theatre,Yes,5357,50.31%
P0578,Civic Light Opera,2/19/2025,123,Adult,4.2,4685,Maplewood Performing Arts Center,No,6425,37.14%
P0929,Youth Activity,2/19/2025,52,Youth,4.1,981,Willow Park Community Center,No,1296,32.11%
P0683,Library Workshop,2/19/2025,108,Youth,3.7,1541,Elmwood Library,Yes,2824,83.26%
P0957,Theatre Event,2/19/2025,115,Adult,4.9,2578,Maplewood Performing Arts Center,No,5510,113.73%
P0316,Youth Activity,2/20/2025,76,Youth,3.4,529,Willow Park Community Center,Yes,1032,95.09%
P0825,Theatre Event,2/20/2025,165,Adult,3.3,3656,Maplewood Performing Arts Center,No,4603,25.90%
P0517,Theatre Event,2/21/2025,131,Adult,3.2,3201,Maplewood Performing Arts Center,Yes,4759,48.67%
P0850,Youth Activity,2/21/2025,65,Youth,4.9,570,Willow Park Community Center,No,1978,247.02%
P0612,Senior Service,2/22/2025,34,Senior,5.0,579,Silver Elm Senior Center,Yes,788,36.10%
P0336,Library Workshop,2/22/2025,127,Youth,4.3,1314,Elmwood Library,No,3464,163.62%
P0710,Youth Activity,2/22/2025,60,Youth,3.8,782,Willow Park Community Center,Yes,1197,53.07%
P0092,Youth Activity,2/22/2025,71,Youth,3.8,662,Willow Park Community Center,No,1827,175.98%
P0235,Library Workshop,2/23/2025,112,Youth,4.5,1836,Elmwood Library,No,2803,52.67%
P0462,Youth Activity,2/23/2025,95,Youth,4.9,546,Willow Park Community Center,No,1264,131.50%
P0125,Library Workshop,2/24/2025,60,Adult,3.6,1762,Elmwood Library,No,3381,91.88%
P0219,Youth Activity,2/24/2025,43,Youth,4.1,915,Willow Park Community Center,No,1453,58.80%
P0836,Theatre Event,2/24/2025,179,Adult,3.7,2356,Maplewood Performing Arts Center,No,4871,106.75%
P0862,Theatre Event,2/24/2025,98,Adult,3.7,2352,Maplewood Performing Arts Center,Yes,4597,95.45%
P0996,Library Workshop,2/25/2025,133,Adult,4.9,1537,Hazel Branch Library,No,3660,138.13%
P0006,Library Workshop,2/25/2025,99,Youth,4.7,1018,Hazel Branch Library,No,3914,284.48%
P0460,Library Workshop,2/25/2025,67,Adult,4.3,1723,Hazel Branch Library,No,3105,80.21%
P0385,Youth Activity,2/25/2025,81,Youth,4.7,506,Willow Park Community Center,No,1545,205.34%
P0464,Youth Activity,2/25/2025,91,Youth,3.7,525,Oakleaf Community Center,No,1153,119.62%
P0148,Theatre Event,2/25/2025,148,Adult,4.2,3725,Maplewood Performing Arts Center,No,5150,38.26%
P0329,Theatre Event,2/25/2025,163,Adult,3.7,2450,Starlight Theatre,No,7926,223.51%
P0785,Library Workshop,2/26/2025,89,Adult,4.3,1366,Elmwood Library,No,2224,62.81%
P0618,Library Workshop,2/26/2025,107,Youth,4.1,1992,Hazel Branch Library,Yes,2734,37.25%
P0807,Civic Light Opera,2/26/2025,134,Adult,5.0,4125,Maplewood Performing Arts Center,No,9379,127.37%
P0811,Civic Light Opera,2/26/2025,133,Adult,3.8,3598,Maplewood Performing Arts Center,Yes,9070,152.08%
P0405,Theatre Event,2/27/2025,141,Adult,3.9,3372,Maplewood Performing Arts Center,No,6549,94.22%
P0633,Theatre Event,2/28/2025,89,Adult,3.0,3107,Starlight Theatre,Yes,4548,46.38%
P0434,Library Workshop,2/28/2025,140,Adult,4.9,1527,Elmwood Library,Yes,2060,34.91%
P0567,Theatre Event,2/28/2025,161,Adult,4.0,3104,Maplewood Performing Arts Center,Yes,6471,108.47%
P0496,Theatre Event,3/1/2025,165,Adult,2.3,3684,Starlight Theatre,No,4477,21.53%
P0476,Civic Light Opera,3/1/2025,107,Adult,4.4,4245,Maplewood Performing Arts Center,No,6480,52.65%
P0616,Civic Light Opera,3/1/2025,98,Senior,4.2,3848,Maplewood Performing Arts Center,Yes,9277,141.09%
P0443,Theatre Event,3/2/2025,188,Adult,3.8,3913,Starlight Theatre,No,4598,17.51%
P0440,Library Workshop,3/3/2025,81,Youth,3.8,1128,Elmwood Library,Yes,2500,121.63%
P0458,Theatre Event,3/4/2025,196,Adult,3.8,2817,Maplewood Performing Arts Center,No,4167,47.92%
P0143,Theatre Event,3/4/2025,133,Adult,4.0,3816,Maplewood Performing Arts Center,No,7258,90.20%
P0935,Library Workshop,3/4/2025,91,Adult,3.3,1252,Elmwood Library,No,3755,199.92%
P0338,Youth Activity,3/5/2025,79,Youth,5.0,979,Oakleaf Community Center,No,1480,51.17%
P0218,Youth Activity,3/5/2025,50,Youth,4.7,798,Willow Park Community Center,Yes,1387,73.81%
P0794,Youth Activity,3/5/2025,83,Youth,4.0,882,Oakleaf Community Center,Yes,1686,91.16%
P0538,Library Workshop,3/5/2025,139,Youth,4.7,1293,Hazel Branch Library,Yes,3155,144.01%
P0154,Theatre Event,3/5/2025,109,Adult,4.7,2870,Maplewood Performing Arts Center,No,4497,56.69%
P0078,Library Workshop,3/5/2025,141,Youth,5.0,1441,Hazel Branch Library,No,2726,89.17%
P0135,Civic Light Opera,3/6/2025,135,Adult,3.7,4029,Maplewood Performing Arts Center,No,8442,109.53%
P0207,Library Workshop,3/6/2025,66,Adult,4.2,1163,Elmwood Library,Yes,2825,142.91%
P0450,Library Workshop,3/6/2025,112,Adult,5.0,1818,Hazel Branch Library,No,2055,13.04%
P0255,Library Workshop,3/7/2025,75,Youth,4.5,1736,Hazel Branch Library,No,3384,94.93%
P0457,Library Workshop,3/8/2025,106,Youth,3.7,1648,Elmwood Library,No,3296,100.00%
P0881,Library Workshop,3/8/2025,133,Youth,3.8,1809,Hazel Branch Library,No,3088,70.70%
P0187,Senior Service,3/8/2025,43,Senior,4.8,301,Silver Elm Senior Center,No,1048,248.17%
P0777,Library Workshop,3/8/2025,69,Youth,3.7,1470,Hazel Branch Library,Yes,3724,153.33%
P0294,Theatre Event,3/8/2025,122,Adult,3.2,3586,Maplewood Performing Arts Center,No,4045,12.80%
P0626,Theatre Event,3/9/2025,181,Adult,3.6,2254,Starlight Theatre,No,5607,148.76%
P0725,Youth Activity,3/9/2025,63,Youth,4.4,987,Willow Park Community Center,No,1383,40.12%
P0007,Library Workshop,3/9/2025,115,Youth,4.3,1083,Hazel Branch Library,No,3614,233.70%
P0718,Civic Light Opera,3/10/2025,81,Senior,4.0,4549,Maplewood Performing Arts Center,No,5453,19.87%
P0271,Senior Service,3/10/2025,31,Senior,4.5,671,Silver Elm Senior Center,Yes,1454,116.69%
P0215,Youth Activity,3/10/2025,44,Youth,4.2,592,Willow Park Community Center,No,1287,117.40%
P0680,Senior Service,3/10/2025,26,Senior,4.6,796,Silver Elm Senior Center,No,1083,36.06%
P0591,Library Workshop,3/10/2025,132,Youth,3.7,1722,Elmwood Library,No,3509,103.77%
P0447,Civic Light Opera,3/10/2025,137,Adult,3.4,4017,Maplewood Performing Arts Center,Yes,8174,103.49%
P0921,Senior Service,3/11/2025,22,Senior,5.0,345,Silver Elm Senior Center,No,924,167.83%
P0488,Library Workshop,3/11/2025,83,Youth,3.7,1633,Elmwood Library,No,2962,81.38%
P0587,Library Workshop,3/11/2025,83,Youth,5.0,1893,Elmwood Library,Yes,3806,101.06%
P0153,Library Workshop,3/11/2025,108,Youth,4.6,1757,Elmwood Library,No,2912,65.74%
P0036,Senior Service,3/11/2025,29,Senior,4.4,391,Silver Elm Senior Center,No,1129,188.75%
P0109,Library Workshop,3/11/2025,103,Youth,5.0,1510,Hazel Branch Library,Yes,3205,112.25%
P0021,Youth Activity,3/11/2025,64,Youth,4.5,800,Willow Park Community Center,No,1816,127.00%
P0282,Theatre Event,3/13/2025,108,Adult,3.2,3135,Starlight Theatre,No,6178,97.07%
P0015,Library Workshop,3/14/2025,88,Youth,5.0,1402,Hazel Branch Library,No,2366,68.76%
P0438,Senior Service,3/14/2025,21,Senior,4.3,395,Silver Elm Senior Center,No,1258,218.48%
P0300,Library Workshop,3/15/2025,79,Adult,3.7,1684,Elmwood Library,No,3240,92.40%
P0944,Senior Service,3/15/2025,27,Senior,4.7,741,Silver Elm Senior Center,No,1139,53.71%
P0190,Library Workshop,3/15/2025,113,Adult,4.0,1437,Elmwood Library,No,2605,81.28%
P0650,Theatre Event,3/15/2025,111,Adult,2.9,3051,Maplewood Performing Arts Center,No,7259,137.92%
P0151,Civic Light Opera,3/15/2025,133,Adult,3.3,4581,Maplewood Performing Arts Center,No,9204,100.92%
P0400,Senior Service,3/15/2025,31,Senior,5.0,679,Silver Elm Senior Center,No,623,-8.25%
P0305,Youth Activity,3/16/2025,91,Youth,4.1,687,Oakleaf Community Center,No,1912,178.31%
P0541,Civic Light Opera,3/16/2025,122,Adult,4.1,4603,Maplewood Performing Arts Center,No,8438,83.32%
P0307,Theatre Event,3/17/2025,80,Adult,3.7,2188,Maplewood Performing Arts Center,Yes,7836,258.14%
P0797,Civic Light Opera,3/18/2025,85,Adult,5.0,4324,Maplewood Performing Arts Center,Yes,6415,48.36%
P0533,Civic Light Opera,3/18/2025,97,Senior,5.0,3725,Maplewood Performing Arts Center,Yes,9200,146.98%
P0367,Civic Light Opera,3/18/2025,97,Adult,4.6,3514,Maplewood Performing Arts Center,Yes,5515,56.94%
P0512,Theatre Event,3/19/2025,82,Adult,3.9,2089,Maplewood Performing Arts Center,No,6745,222.88%
P0332,Senior Service,3/19/2025,15,Senior,4.9,565,Silver Elm Senior Center,Yes,1090,92.92%
P0590,Library Workshop,3/19/2025,53,Youth,3.6,1599,Elmwood Library,No,3669,129.46%
P0916,Theatre Event,3/20/2025,156,Adult,4.1,2314,Starlight Theatre,No,6757,192.01%
P0354,Library Workshop,3/21/2025,96,Youth,3.7,1681,Elmwood Library,No,3455,105.53%
P0038,Library Workshop,3/21/2025,135,Youth,4.2,1572,Elmwood Library,Yes,2087,32.76%
P0595,Senior Service,3/21/2025,27,Senior,5.0,531,Silver Elm Senior Center,Yes,840,58.19%
P0131,Theatre Event,3/21/2025,143,Adult,3.5,2030,Starlight Theatre,Yes,6011,196.11%
P0889,Library Workshop,3/22/2025,125,Adult,4.3,1415,Hazel Branch Library,No,2384,68.48%
P0870,Civic Light Opera,3/22/2025,106,Senior,4.1,4248,Maplewood Performing Arts Center,No,5804,36.63%
P0987,Youth Activity,3/22/2025,55,Youth,4.4,997,Willow Park Community Center,Yes,1838,84.35%
P0344,Theatre Event,3/22/2025,130,Adult,3.8,2938,Maplewood Performing Arts Center,No,7734,163.24%
P0990,Senior Service,3/23/2025,27,Senior,4.8,485,Silver Elm Senior Center,No,730,50.52%
P0860,Library Workshop,3/23/2025,149,Adult,3.2,1045,Hazel Branch Library,Yes,3807,264.31%
P0620,Youth Activity,3/23/2025,70,Youth,4.9,911,Willow Park Community Center,No,1280,40.50%
P0896,Library Workshop,3/24/2025,86,Adult,4.6,1164,Elmwood Library,No,2191,88.23%
P0004,Youth Activity,3/24/2025,44,Youth,4.2,782,Oakleaf Community Center,Yes,1901,143.09%
P0875,Library Workshop,3/24/2025,88,Youth,4.3,1140,Elmwood Library,No,2313,102.89%
P0365,Civic Light Opera,3/24/2025,134,Adult,5.0,3520,Maplewood Performing Arts Center,No,6514,85.06%
P0318,Library Workshop,3/24/2025,93,Youth,4.0,1258,Elmwood Library,No,3745,197.69%
P0742,Theatre Event,3/25/2025,171,Adult,2.8,2436,Starlight Theatre,Yes,4258,74.79%
P0954,Civic Light Opera,3/25/2025,136,Adult,5.0,4578,Maplewood Performing Arts Center,No,5060,10.53%
P0802,Library Workshop,3/26/2025,61,Youth,3.7,1844,Hazel Branch Library,No,3893,111.12%
P0066,Theatre Event,3/26/2025,120,Adult,4.3,2498,Starlight Theatre,No,6677,167.29%
P0767,Senior Service,3/26/2025,38,Senior,5.0,589,Silver Elm Senior Center,No,1279,117.15%
P0792,Youth Activity,3/26/2025,82,Youth,4.8,662,Willow Park Community Center,No,1037,56.65%
P0472,Civic Light Opera,3/26/2025,112,Senior,3.9,3800,Maplewood Performing Arts Center,No,5723,50.61%
P0573,Theatre Event,3/26/2025,111,Adult,4.7,2919,Starlight Theatre,No,4418,51.35%
P0404,Senior Service,3/26/2025,27,Senior,4.8,300,Silver Elm Senior Center,No,1145,281.67%
P0164,Theatre Event,3/28/2025,194,Adult,4.2,2821,Starlight Theatre,No,5968,111.56%
P0345,Theatre Event,3/28/2025,135,Adult,3.4,2438,Starlight Theatre,No,5979,145.24%
P0905,Theatre Event,3/29/2025,139,Adult,3.5,2168,Maplewood Performing Arts Center,No,5465,152.08%
P0199,Senior Service,3/30/2025,41,Senior,4.5,462,Silver Elm Senior Center,No,659,42.64%
P0834,Library Workshop,3/30/2025,108,Youth,3.9,1176,Hazel Branch Library,Yes,3695,214.20%
P0156,Library Workshop,3/31/2025,144,Youth,4.5,1383,Elmwood Library,Yes,2416,74.69%
P0995,Theatre Event,3/31/2025,158,Adult,3.8,2782,Maplewood Performing Arts Center,Yes,6632,138.39%
P0646,Senior Service,4/1/2025,15,Senior,4.9,634,Silver Elm Senior Center,No,1329,109.62%
P0857,Library Workshop,4/1/2025,66,Youth,4.4,1900,Elmwood Library,Yes,3029,59.42%
P0631,Youth Activity,4/2/2025,46,Youth,4.3,748,Willow Park Community Center,No,1776,137.43%
P0108,Senior Service,4/2/2025,32,Senior,5.0,454,Silver Elm Senior Center,No,1166,156.83%
P0749,Civic Light Opera,4/3/2025,111,Adult,2.5,4415,Maplewood Performing Arts Center,No,8538,93.39%
P0201,Youth Activity,4/3/2025,97,Youth,4.5,525,Willow Park Community Center,No,1985,278.10%
P0179,Civic Light Opera,4/4/2025,127,Adult,3.6,4169,Maplewood Performing Arts Center,No,8970,115.16%
P0245,Library Workshop,4/4/2025,99,Youth,4.4,1676,Elmwood Library,No,3859,130.25%
P0478,Youth Activity,4/4/2025,98,Youth,4.6,545,Willow Park Community Center,No,1267,132.48%
P0884,Library Workshop,4/4/2025,131,Adult,4.4,1381,Elmwood Library,Yes,3293,138.45%
P0903,Library Workshop,4/4/2025,113,Youth,4.8,1886,Hazel Branch Library,Yes,3032,60.76%
P0690,Library Workshop,4/5/2025,54,Youth,4.1,1268,Elmwood Library,No,3642,187.22%
P0991,Senior Service,4/5/2025,49,Senior,4.8,479,Silver Elm Senior Center,Yes,1401,192.48%
P0510,Youth Activity,4/5/2025,55,Youth,4.1,820,Oakleaf Community Center,No,1545,88.41%
P0812,Senior Service,4/5/2025,21,Senior,4.7,721,Silver Elm Senior Center,No,1079,49.65%
P0063,Senior Service,4/6/2025,15,Senior,4.7,506,Silver Elm Senior Center,No,1140,125.30%
P0057,Library Workshop,4/6/2025,77,Youth,4.2,1288,Elmwood Library,No,2018,56.68%
P0818,Theatre Event,4/6/2025,199,Adult,4.6,3527,Starlight Theatre,Yes,5573,58.01%
P0206,Library Workshop,4/7/2025,81,Adult,4.3,1043,Hazel Branch Library,No,3340,220.23%
P0243,Civic Light Opera,4/7/2025,131,Senior,3.5,4081,Maplewood Performing Arts Center,No,8406,105.98%
P0743,Youth Activity,4/7/2025,59,Youth,4.1,756,Willow Park Community Center,Yes,1812,139.68%
P0824,Theatre Event,4/8/2025,168,Adult,3.9,2095,Starlight Theatre,Yes,6803,224.73%
P0387,Library Workshop,4/8/2025,67,Adult,3.6,1848,Hazel Branch Library,No,2330,26.08%
P0806,Youth Activity,4/8/2025,87,Youth,4.4,589,Willow Park Community Center,No,1232,109.17%
P0861,Senior Service,4/9/2025,34,Senior,4.9,686,Silver Elm Senior Center,No,1072,56.27%
P0242,Civic Light Opera,4/9/2025,92,Adult,4.6,3720,Maplewood Performing Arts Center,Yes,7581,103.79%
P0099,Library Workshop,4/10/2025,103,Youth,4.7,1802,Elmwood Library,No,3438,90.79%
P0273,Senior Service,4/10/2025,47,Senior,4.4,489,Silver Elm Senior Center,No,1582,223.52%
P0177,Youth Activity,4/10/2025,88,Youth,4.0,661,Willow Park Community Center,Yes,1433,116.79%
P0713,Theatre Event,4/11/2025,164,Adult,3.9,2672,Starlight Theatre,No,7245,171.15%
P0563,Library Workshop,4/11/2025,104,Youth,5.0,1197,Elmwood Library,Yes,2972,148.29%
P0470,Civic Light Opera,4/11/2025,95,Adult,4.5,4680,Maplewood Performing Arts Center,No,9582,104.74%
P0649,Senior Service,4/11/2025,21,Senior,4.8,416,Silver Elm Senior Center,No,1275,206.49%
P0900,Library Workshop,4/12/2025,137,Adult,3.6,1544,Hazel Branch Library,Yes,3224,108.81%
P0772,Senior Service,4/12/2025,41,Senior,4.5,399,Silver Elm Senior Center,Yes,860,115.54%
P0960,Youth Activity,4/12/2025,69,Youth,3.9,519,Oakleaf Community Center,No,1328,155.88%
P0943,Youth Activity,4/12/2025,52,Youth,3.9,587,Willow Park Community Center,Yes,1076,83.30%
P0775,Senior Service,4/13/2025,42,Senior,4.7,529,Silver Elm Senior Center,No,1267,139.51%
P0081,Senior Service,4/13/2025,25,Senior,4.4,358,Silver Elm Senior Center,Yes,1424,297.77%
P0328,Youth Activity,4/14/2025,58,Youth,4.3,566,Oakleaf Community Center,Yes,1121,98.06%
P0042,Theatre Event,4/14/2025,163,Adult,3.2,3618,Starlight Theatre,No,4068,12.44%
P0945,Library Workshop,4/14/2025,115,Youth,4.7,1736,Elmwood Library,No,3391,95.33%
P0675,Theatre Event,4/14/2025,197,Adult,4.2,2977,Starlight Theatre,No,5604,88.24%
P0251,Library Workshop,4/16/2025,50,Youth,4.3,1878,Hazel Branch Library,Yes,2606,38.76%
P0214,Library Workshop,4/16/2025,88,Adult,3.9,1170,Hazel Branch Library,No,2662,127.52%
P0925,Theatre Event,4/16/2025,190,Adult,4.5,3437,Maplewood Performing Arts Center,No,5098,48.33%
P0634,Theatre Event,4/16/2025,165,Adult,4.0,2838,Maplewood Performing Arts Center,Yes,7815,175.37%
P0829,Youth Activity,4/17/2025,50,Youth,4.0,622,Willow Park Community Center,No,1033,66.08%
P0054,Senior Service,4/17/2025,24,Senior,4.5,794,Silver Elm Senior Center,No,714,-10.08%
P0479,Civic Light Opera,4/17/2025,119,Senior,4.0,4173,Maplewood Performing Arts Center,Yes,8627,106.73%
P0147,Youth Activity,4/17/2025,53,Youth,4.3,814,Willow Park Community Center,No,1254,54.05%
P0262,Civic Light Opera,4/17/2025,107,Adult,4.0,4370,Maplewood Performing Arts Center,No,5279,20.80%
P0295,Library Workshop,4/18/2025,102,Youth,3.7,1629,Hazel Branch Library,Yes,3503,115.04%
P0608,Theatre Event,4/18/2025,116,Adult,4.3,3501,Starlight Theatre,Yes,4831,37.99%
P0893,Senior Service,4/18/2025,33,Senior,4.9,751,Silver Elm Senior Center,No,1504,100.27%
P0756,Senior Service,4/18/2025,32,Senior,4.5,738,Silver Elm Senior Center,Yes,1161,57.32%
P0308,Theatre Event,4/18/2025,103,Adult,3.6,2291,Maplewood Performing Arts Center,No,5658,146.97%
P0982,Senior Service,4/19/2025,24,Senior,4.9,309,Silver Elm Senior Center,Yes,1095,254.37%
P0529,Library Workshop,4/19/2025,121,Adult,3.8,1220,Elmwood Library,Yes,2306,89.02%
P0674,Theatre Event,4/20/2025,134,Adult,4.9,2470,Starlight Theatre,Yes,5468,121.38%
P0547,Library Workshop,4/20/2025,65,Youth,4.1,1332,Hazel Branch Library,Yes,2044,53.45%
P0408,Library Workshop,4/20/2025,130,Youth,4.2,1600,Elmwood Library,Yes,3116,94.75%
P0936,Library Workshop,4/20/2025,57,Adult,5.0,1962,Hazel Branch Library,Yes,2853,45.41%
P0005,Library Workshop,4/20/2025,146,Youth,4.3,1887,Hazel Branch Library,Yes,3341,77.05%
P0477,Library Workshop,4/21/2025,136,Youth,4.7,1379,Hazel Branch Library,Yes,3299,139.23%
P0124,Library Workshop,4/21/2025,98,Adult,4.0,1809,Hazel Branch Library,No,3938,117.69%
P0511,Youth Activity,4/22/2025,92,Youth,3.9,681,Oakleaf Community Center,Yes,1796,163.73%
P0835,Theatre Event,4/22/2025,89,Adult,4.6,2488,Maplewood Performing Arts Center,No,7361,195.86%
P0729,Library Workshop,4/23/2025,67,Adult,3.7,1527,Elmwood Library,Yes,2473,61.95%
P0111,Library Workshop,4/23/2025,114,Youth,4.0,1942,Elmwood Library,Yes,2429,25.08%
P0310,Library Workshop,4/23/2025,78,Youth,4.3,1558,Hazel Branch Library,No,3054,96.02%
P0481,Youth Activity,4/24/2025,61,Youth,3.8,987,Oakleaf Community Center,Yes,1559,57.95%
P0670,Library Workshop,4/24/2025,54,Youth,4.2,1926,Elmwood Library,No,2233,15.94%
P0314,Civic Light Opera,4/24/2025,137,Senior,4.4,4613,Maplewood Performing Arts Center,No,8820,91.20%
P0871,Theatre Event,4/24/2025,85,Adult,4.0,2872,Starlight Theatre,No,7196,150.56%
P0166,Senior Service,4/24/2025,42,Senior,4.3,572,Silver Elm Senior Center,No,605,5.77%
P0852,Youth Activity,4/24/2025,96,Youth,4.3,664,Oakleaf Community Center,Yes,1797,170.63%
P0553,Youth Activity,4/25/2025,66,Youth,4.5,730,Willow Park Community Center,No,1029,40.96%
P0565,Theatre Event,4/26/2025,199,Adult,3.8,3040,Starlight Theatre,No,4257,40.03%
P0684,Youth Activity,4/26/2025,86,Youth,4.2,828,Oakleaf Community Center,No,1487,79.59%
P0648,Youth Activity,4/27/2025,87,Youth,4.3,578,Oakleaf Community Center,No,1894,227.68%
P0141,Civic Light Opera,4/27/2025,147,Adult,4.5,4376,Maplewood Performing Arts Center,No,5848,33.64%
P0938,Civic Light Opera,4/27/2025,90,Senior,4.6,4576,Maplewood Performing Arts Center,No,8758,91.39%
P0161,Theatre Event,4/27/2025,141,Adult,3.9,2862,Maplewood Performing Arts Center,No,6463,125.82%
P0030,Library Workshop,4/28/2025,131,Adult,5.0,1274,Elmwood Library,No,2318,81.95%
P0396,Civic Light Opera,4/28/2025,112,Adult,4.5,3664,Maplewood Performing Arts Center,No,5382,46.89%
P0741,Theatre Event,4/28/2025,111,Adult,3.6,2403,Maplewood Performing Arts Center,No,5672,136.04%
P0167,Theatre Event,4/29/2025,98,Adult,3.4,3573,Maplewood Performing Arts Center,No,7442,108.28%
P0972,Civic Light Opera,4/29/2025,137,Adult,4.0,4730,Maplewood Performing Arts Center,Yes,9953,110.42%
P0152,Library Workshop,5/1/2025,72,Youth,4.3,1775,Hazel Branch Library,Yes,3134,76.56%
P0963,Library Workshop,5/2/2025,130,Youth,4.4,1620,Elmwood Library,No,3323,105.12%
P0559,Senior Service,5/2/2025,35,Senior,5.0,304,Silver Elm Senior Center,Yes,1231,304.93%
P0448,Senior Service,5/2/2025,24,Senior,4.4,370,Silver Elm Senior Center,Yes,689,86.22%
P0780,Youth Activity,5/3/2025,64,Youth,4.4,871,Oakleaf Community Center,Yes,1792,105.74%
P0980,Youth Activity,5/3/2025,70,Youth,4.5,927,Oakleaf Community Center,No,1228,32.47%
P0874,Theatre Event,5/3/2025,155,Adult,3.2,3957,Maplewood Performing Arts Center,No,7241,82.99%
P0859,Youth Activity,5/3/2025,94,Youth,5.0,967,Oakleaf Community Center,Yes,1055,9.10%
P0642,Theatre Event,5/3/2025,80,Adult,4.3,2116,Starlight Theatre,Yes,7549,256.76%
P0407,Theatre Event,5/4/2025,143,Adult,3.1,2391,Starlight Theatre,No,6433,169.05%
P0028,Theatre Event,5/4/2025,119,Adult,3.4,2202,Starlight Theatre,No,7010,218.35%
P0244,Theatre Event,5/4/2025,136,Adult,3.3,2147,Maplewood Performing Arts Center,No,4387,104.33%
P0762,Theatre Event,5/4/2025,194,Adult,4.0,3442,Starlight Theatre,Yes,5681,65.05%
P0854,Senior Service,5/5/2025,25,Senior,5.0,780,Silver Elm Senior Center,No,1048,34.36%
P0666,Library Workshop,5/6/2025,128,Youth,3.7,1081,Elmwood Library,Yes,3968,267.07%
P0137,Theatre Event,5/6/2025,94,Adult,4.7,2039,Starlight Theatre,Yes,7802,282.64%
P0008,Senior Service,5/6/2025,37,Senior,4.7,313,Silver Elm Senior Center,No,814,160.06%
P0149,Library Workshop,5/6/2025,90,Youth,5.0,1382,Elmwood Library,No,2524,82.63%
P0373,Library Workshop,5/7/2025,123,Adult,4.2,1757,Elmwood Library,No,2790,58.79%
P0027,Library Workshop,5/10/2025,101,Youth,3.8,1068,Elmwood Library,No,2801,162.27%
P0272,Senior Service,5/10/2025,28,Senior,4.8,634,Silver Elm Senior Center,No,642,1.26%
P0123,Theatre Event,5/10/2025,196,Adult,3.7,3766,Starlight Theatre,No,7339,94.88%
P0686,Youth Activity,5/10/2025,58,Youth,4.5,883,Oakleaf Community Center,Yes,1412,59.91%
P0853,Library Workshop,5/10/2025,120,Adult,4.7,1773,Elmwood Library,Yes,2091,17.94%
P0574,Youth Activity,5/11/2025,61,Youth,4.3,782,Oakleaf Community Center,No,1075,37.47%
P0500,Civic Light Opera,5/11/2025,136,Adult,4.2,4300,Maplewood Performing Arts Center,No,7779,80.91%
P0237,Library Workshop,5/11/2025,79,Youth,4.8,1179,Elmwood Library,No,3316,181.26%
P0351,Theatre Event,5/12/2025,122,Adult,4.2,3612,Maplewood Performing Arts Center,No,5878,62.74%
P0150,Library Workshop,5/12/2025,94,Adult,5.0,1625,Elmwood Library,No,2499,53.78%
P0430,Library Workshop,5/12/2025,80,Youth,4.7,1401,Elmwood Library,No,2272,62.17%
P0673,Library Workshop,5/12/2025,51,Adult,3.6,1140,Hazel Branch Library,No,2674,134.56%
P0453,Theatre Event,5/13/2025,137,Adult,3.6,3238,Starlight Theatre,No,7583,134.19%
P0376,Theatre Event,5/13/2025,99,Adult,3.6,2747,Starlight Theatre,Yes,4492,63.52%
P0343,Library Workshop,5/13/2025,104,Adult,4.2,1427,Elmwood Library,Yes,2704,89.49%
P0469,Library Workshop,5/13/2025,149,Adult,4.0,1560,Elmwood Library,No,3141,101.35%
P0049,Theatre Event,5/13/2025,159,Adult,3.6,2725,Starlight Theatre,No,7310,168.26%
P0410,Library Workshop,5/13/2025,92,Youth,4.0,1441,Elmwood Library,No,3155,118.95%
P0445,Senior Service,5/13/2025,40,Senior,4.9,712,Silver Elm Senior Center,No,1145,60.81%
P0241,Civic Light Opera,5/13/2025,95,Adult,4.2,3970,Maplewood Performing Arts Center,No,7081,78.36%
P0196,Theatre Event,5/14/2025,92,Adult,4.1,2656,Maplewood Performing Arts Center,No,4495,69.24%
P0882,Youth Activity,5/14/2025,73,Youth,3.9,875,Oakleaf Community Center,No,1897,116.80%
P0159,Library Workshop,5/14/2025,81,Youth,3.9,1952,Elmwood Library,No,3690,89.04%
P0356,Youth Activity,5/14/2025,79,Youth,4.1,611,Oakleaf Community Center,Yes,1176,92.47%
P0979,Theatre Event,5/14/2025,138,Adult,3.8,3663,Maplewood Performing Arts Center,No,7088,93.50%
P0306,Civic Light Opera,5/14/2025,83,Adult,3.7,4229,Maplewood Performing Arts Center,No,6283,48.57%
P0323,Youth Activity,5/14/2025,78,Youth,3.9,618,Oakleaf Community Center,No,1953,216.02%
P0003,Youth Activity,5/14/2025,55,Youth,4.2,511,Oakleaf Community Center,No,1330,160.27%
P0061,Theatre Event,5/15/2025,108,Adult,4.0,2016,Starlight Theatre,Yes,5348,165.28%
P0051,Civic Light Opera,5/15/2025,102,Adult,4.3,3984,Maplewood Performing Arts Center,No,5645,41.69%
P0118,Library Workshop,5/16/2025,130,Adult,4.3,1627,Elmwood Library,No,2941,80.76%
P0084,Library Workshop,5/16/2025,51,Youth,4.7,1370,Hazel Branch Library,No,2657,93.94%
P0473,Library Workshop,5/16/2025,112,Youth,3.0,1513,Elmwood Library,No,3309,118.70%
P0146,Library Workshop,5/16/2025,87,Adult,3.9,1071,Elmwood Library,No,2005,87.21%
P0672,Senior Service,5/16/2025,44,Senior,4.7,692,Silver Elm Senior Center,No,1521,119.80%
P0912,Library Workshop,5/16/2025,103,Youth,4.4,1332,Elmwood Library,Yes,2591,94.52%
P0158,Senior Service,5/17/2025,48,Senior,4.6,507,Silver Elm Senior Center,No,864,70.41%
P0611,Library Workshop,5/17/2025,77,Youth,3.6,1836,Hazel Branch Library,No,2180,18.74%
P0554,Youth Activity,5/18/2025,60,Youth,4.2,548,Oakleaf Community Center,No,1068,94.89%
P0103,Theatre Event,5/18/2025,108,Adult,3.6,2073,Starlight Theatre,Yes,7736,273.18%
P0849,Theatre Event,5/19/2025,87,Adult,3.9,3533,Starlight Theatre,No,4572,29.41%
P0736,Senior Service,5/19/2025,48,Senior,4.6,383,Silver Elm Senior Center,No,1520,296.87%
P0917,Library Workshop,5/19/2025,79,Youth,4.7,1129,Elmwood Library,No,3155,179.45%
P0045,Library Workshop,5/19/2025,104,Adult,3.6,1361,Elmwood Library,No,2847,109.18%
P0121,Senior Service,5/20/2025,23,Senior,4.8,418,Silver Elm Senior Center,No,1424,240.67%
P0773,Library Workshop,5/21/2025,146,Adult,4.0,1686,Elmwood Library,No,3316,96.68%
P0312,Library Workshop,5/22/2025,53,Youth,5.0,1277,Elmwood Library,No,2107,65.00%
P0231,Senior Service,5/22/2025,26,Senior,5.0,545,Silver Elm Senior Center,No,1241,127.71%
P0600,Library Workshop,5/22/2025,89,Youth,5.0,1639,Elmwood Library,Yes,2258,37.77%
P0786,Civic Light Opera,5/22/2025,134,Senior,4.2,3943,Maplewood Performing Arts Center,Yes,6888,74.69%
P0518,Senior Service,5/23/2025,21,Senior,4.8,339,Silver Elm Senior Center,No,1523,349.26%
P0560,Youth Activity,5/24/2025,60,Youth,4.4,517,Oakleaf Community Center,No,1056,104.26%
P0357,Library Workshop,5/24/2025,136,Youth,3.7,1057,Elmwood Library,No,2133,101.80%
P0782,Theatre Event,5/25/2025,147,Adult,4.2,3010,Starlight Theatre,No,4283,42.29%
P0368,Civic Light Opera,5/27/2025,142,Senior,3.8,4120,Maplewood Performing Arts Center,No,6411,55.61%
P0361,Theatre Event,5/29/2025,141,Adult,3.0,3968,Maplewood Performing Arts Center,Yes,4490,13.16%
P0019,Theatre Event,5/30/2025,108,Adult,5.0,3338,Maplewood Performing Arts Center,Yes,4559,36.58%
P0855,Library Workshop,5/31/2025,126,Youth,3.7,1717,Elmwood Library,Yes,2400,39.78%
P0663,Youth Activity,5/31/2025,81,Youth,4.7,568,Willow Park Community Center,Yes,1648,190.14%
P0249,Civic Light Opera,6/1/2025,89,Adult,4.4,3643,Maplewood Performing Arts Center,No,5015,37.66%
P0687,Youth Activity,6/1/2025,78,Youth,4.1,728,Willow Park Community Center,Yes,1366,87.64%
P0023,Library Workshop,6/2/2025,95,Youth,3.8,1506,Elmwood Library,No,3432,127.89%
P0016,Library Workshop,6/2/2025,115,Youth,3.9,1801,Hazel Branch Library,No,3157,75.29%
P0839,Youth Activity,6/3/2025,87,Youth,4.3,794,Oakleaf Community Center,No,1880,136.78%
P0104,Theatre Event,6/3/2025,99,Adult,4.7,3071,Maplewood Performing Arts Center,No,5943,93.52%
P0520,Library Workshop,6/3/2025,53,Youth,4.4,1025,Hazel Branch Library,No,3686,259.61%
P0635,Library Workshop,6/3/2025,142,Youth,4.2,1013,Hazel Branch Library,No,3528,248.27%
P0640,Theatre Event,6/3/2025,137,Adult,4.1,3349,Maplewood Performing Arts Center,No,4825,44.07%
P0668,Library Workshop,6/4/2025,107,Youth,4.3,1569,Elmwood Library,No,3336,112.62%
P0456,Theatre Event,6/4/2025,199,Adult,3.0,2608,Starlight Theatre,Yes,6276,140.64%
P0956,Theatre Event,6/5/2025,101,Adult,4.5,3154,Starlight Theatre,No,7853,148.99%
P0184,Senior Service,6/5/2025,49,Senior,4.6,513,Silver Elm Senior Center,No,1471,186.74%
P0420,Senior Service,6/5/2025,31,Senior,4.6,378,Silver Elm Senior Center,No,1257,232.54%
P0522,Theatre Event,6/6/2025,156,Adult,3.6,2662,Maplewood Performing Arts Center,Yes,4989,87.42%
P0416,Theatre Event,6/6/2025,83,Adult,3.9,2124,Starlight Theatre,No,5706,168.64%
P0302,Theatre Event,6/6/2025,143,Adult,4.7,3110,Starlight Theatre,No,7590,144.05%
P0866,Youth Activity,6/7/2025,87,Youth,3.8,690,Oakleaf Community Center,No,1155,67.39%
P0186,Youth Activity,6/7/2025,50,Youth,3.6,560,Willow Park Community Center,No,1889,237.32%
P0053,Civic Light Opera,6/7/2025,112,Adult,4.8,3998,Maplewood Performing Arts Center,Yes,9729,143.35%
P0656,Library Workshop,6/7/2025,93,Adult,3.8,1038,Elmwood Library,No,2601,150.58%
P0976,Library Workshop,6/8/2025,114,Youth,3.7,1574,Hazel Branch Library,Yes,3904,148.03%
P0091,Library Workshop,6/9/2025,125,Youth,4.1,1533,Elmwood Library,No,2404,56.82%
P0085,Theatre Event,6/9/2025,141,Adult,3.4,3829,Maplewood Performing Arts Center,No,4194,9.53%
P0224,Theatre Event,6/9/2025,148,Adult,3.4,3070,Starlight Theatre,Yes,5750,87.30%
P0013,Senior Service,6/9/2025,17,Senior,4.7,507,Silver Elm Senior Center,No,1113,119.53%
P0449,Theatre Event,6/9/2025,177,Adult,4.1,2955,Starlight Theatre,Yes,6121,107.14%
P0845,Library Workshop,6/9/2025,83,Adult,3.4,1908,Hazel Branch Library,No,3382,77.25%
P0025,Theatre Event,6/9/2025,152,Adult,4.0,3064,Starlight Theatre,No,6259,104.28%
P0080,Library Workshop,6/11/2025,135,Adult,4.7,1843,Elmwood Library,No,3292,78.62%
P0551,Theatre Event,6/12/2025,148,Adult,3.8,3320,Starlight Theatre,No,4452,34.10%
P0221,Youth Activity,6/12/2025,59,Youth,5.0,960,Willow Park Community Center,No,1514,57.71%
P0428,Senior Service,6/12/2025,44,Senior,4.3,776,Silver Elm Senior Center,No,1133,46.01%
P0513,Civic Light Opera,6/13/2025,81,Adult,3.9,4481,Maplewood Performing Arts Center,No,8019,78.96%
P0122,Senior Service,6/13/2025,22,Senior,4.9,506,Silver Elm Senior Center,No,1206,138.34%
P0774,Theatre Event,6/13/2025,177,Adult,3.2,3030,Maplewood Performing Arts Center,No,7163,136.40%
P0907,Senior Service,6/14/2025,29,Senior,4.4,384,Silver Elm Senior Center,No,627,63.28%
P0997,Civic Light Opera,6/14/2025,130,Senior,3.2,4776,Maplewood Performing Arts Center,Yes,9108,90.70%
P0801,Youth Activity,6/14/2025,78,Youth,4.3,617,Oakleaf Community Center,No,1797,191.25%
P0624,Theatre Event,6/14/2025,128,Adult,4.2,3518,Maplewood Performing Arts Center,No,4688,33.26%
P0757,Youth Activity,6/15/2025,53,Youth,5.0,982,Oakleaf Community Center,No,1875,90.94%
P0545,Youth Activity,6/16/2025,60,Youth,4.8,914,Oakleaf Community Center,Yes,1245,36.21%
P0181,Theatre Event,6/16/2025,141,Adult,3.2,3788,Starlight Theatre,No,4249,12.17%
P0699,Library Workshop,6/16/2025,101,Youth,4.3,1033,Elmwood Library,No,2130,106.20%
P0426,Theatre Event,6/17/2025,117,Adult,3.5,2839,Starlight Theatre,No,4240,49.35%
P0701,Theatre Event,6/17/2025,127,Adult,4.6,3233,Maplewood Performing Arts Center,No,5395,66.87%
P0102,Youth Activity,6/18/2025,49,Youth,5.0,838,Willow Park Community Center,No,1572,87.59%
P0828,Theatre Event,6/18/2025,157,Adult,4.4,2038,Starlight Theatre,Yes,4161,104.17%
P0816,Theatre Event,6/18/2025,102,Adult,2.7,3531,Maplewood Performing Arts Center,No,4880,38.20%
P0383,Youth Activity,6/18/2025,64,Youth,4.3,678,Oakleaf Community Center,No,1731,155.31%
P0198,Senior Service,6/18/2025,29,Senior,5.0,609,Silver Elm Senior Center,No,1108,81.94%
P0239,Youth Activity,6/18/2025,58,Youth,4.1,664,Willow Park Community Center,Yes,1284,93.37%
P0024,Theatre Event,6/19/2025,107,Adult,3.7,2366,Starlight Theatre,Yes,7676,224.43%
P0371,Library Workshop,6/19/2025,57,Adult,4.0,1989,Elmwood Library,No,3634,82.70%
P0389,Senior Service,6/19/2025,25,Senior,4.7,483,Silver Elm Senior Center,No,1470,204.35%
P0441,Library Workshop,6/19/2025,107,Youth,3.6,1278,Hazel Branch Library,No,2460,92.49%
P0197,Youth Activity,6/20/2025,53,Youth,4.5,513,Oakleaf Community Center,No,1444,181.48%
P0335,Library Workshop,6/20/2025,72,Adult,4.4,1529,Hazel Branch Library,Yes,3578,134.01%
P0682,Library Workshop,6/21/2025,149,Youth,4.1,1557,Hazel Branch Library,No,3716,138.66%
P0467,Library Workshop,6/21/2025,98,Youth,4.6,1665,Elmwood Library,No,3331,100.06%
P0325,Civic Light Opera,6/21/2025,132,Adult,4.3,4424,Maplewood Performing Arts Center,No,7170,62.07%
P0755,Library Workshop,6/21/2025,108,Adult,3.1,1122,Hazel Branch Library,No,3162,181.82%
P0831,Library Workshop,6/22/2025,111,Youth,3.9,1700,Elmwood Library,No,3957,132.76%
P0172,Library Workshop,6/23/2025,112,Adult,4.0,1471,Elmwood Library,Yes,2899,97.08%
P0229,Senior Service,6/24/2025,32,Senior,4.8,443,Silver Elm Senior Center,Yes,861,94.36%
P0865,Theatre Event,6/24/2025,157,Adult,3.3,3342,Starlight Theatre,No,4994,49.43%
P0062,Library Workshop,6/24/2025,75,Adult,4.2,1006,Hazel Branch Library,No,3126,210.74%
P0719,Library Workshop,6/24/2025,90,Youth,3.7,1012,Elmwood Library,No,3583,254.05%
P0012,Civic Light Opera,6/25/2025,120,Adult,3.5,4727,Maplewood Performing Arts Center,Yes,8654,83.08%
P0349,Theatre Event,6/25/2025,191,Adult,2.8,2084,Maplewood Performing Arts Center,No,6112,193.28%
P0075,Youth Activity,6/25/2025,99,Youth,4.4,700,Willow Park Community Center,No,1868,166.86%
P0278,Youth Activity,6/25/2025,50,Youth,4.2,922,Willow Park Community Center,No,1343,45.66%
P0585,Youth Activity,6/25/2025,51,Youth,5.0,962,Willow Park Community Center,No,1121,16.53%
P0425,Library Workshop,6/25/2025,139,Youth,4.5,1127,Hazel Branch Library,Yes,3434,204.70%
P0089,Senior Service,6/26/2025,29,Senior,4.7,674,Silver Elm Senior Center,No,1437,113.20%
P0592,Youth Activity,6/26/2025,43,Youth,4.7,651,Willow Park Community Center,No,1258,93.24%
P0639,Library Workshop,6/27/2025,115,Adult,3.6,1693,Elmwood Library,No,2005,18.43%
P0890,Library Workshop,6/27/2025,105,Adult,4.9,1105,Elmwood Library,No,2669,141.54%
P0617,Library Workshop,6/27/2025,100,Youth,4.9,1028,Hazel Branch Library,No,2096,103.89%
P0665,Library Workshop,6/27/2025,106,Youth,4.0,1389,Hazel Branch Library,No,2156,55.22%
P0210,Library Workshop,6/28/2025,52,Youth,3.9,1791,Hazel Branch Library,No,2158,20.49%
P0716,Civic Light Opera,6/28/2025,84,Senior,4.1,3840,Maplewood Performing Arts Center,Yes,7908,105.94%
P0728,Senior Service,6/28/2025,38,Senior,4.3,765,Silver Elm Senior Center,Yes,904,18.17%
P0105,Civic Light Opera,6/28/2025,90,Senior,4.2,4838,Maplewood Performing Arts Center,No,9996,106.61%
P0334,Library Workshop,6/28/2025,75,Adult,4.1,1845,Elmwood Library,No,2888,56.53%
P0913,Youth Activity,6/28/2025,54,Youth,4.1,868,Oakleaf Community Center,No,1909,119.93%
P0955,Theatre Event,6/29/2025,168,Adult,3.5,2627,Maplewood Performing Arts Center,No,6752,157.02%
P0465,Civic Light Opera,6/29/2025,125,Senior,3.7,3949,Maplewood Performing Arts Center,No,7857,98.96%
P0055,Youth Activity,6/29/2025,75,Youth,4.3,510,Oakleaf Community Center,No,1246,144.31%
